PLN_ID	PO_ID	SAG_ID	LD_DT	PLN_SAG_ID	VISN_CLNT_ID	LN_OF_BUS_CD	PLN_SGMNT_CD	PLN_STATUS_CD	PRODT_LN_CD	PLN_TYPE	PLN_INCPT_DT	PLN_FRZ_LIFT_DT	VMAP_PLN_BGN_DT	VMAP_PLN_END_DT	DEFAULT_FUND	DEFAULT_ASSET_CLASS	PRODT_FTR_1471	PRODT_FTR_1472	PRODT_FTR_1473	PRODT_FTR_1474	PART_STATUS_CD	AGE	GENDR_CD	MRTL_STATUS_CD	PLN_ENTRY_DT	HIRE_DT	TERM_DT	FORF_INF_FL	STE_CD	ZIP_CD	ZIP_PLUS_4_CD	WEB_REG_FL	WEB_STMT_FL	WEB_CNFRM_FL	WEB_NOTICE_FL	WEB_TAX_FORM_FL	WEB_MONEY_WHYS_FL	VMAP_PART_BGN_DT	VMAP_PART_END_DT	LOAN_CNT	LOAN_DEFAULT_CNT12	LOAN_DEEMED_CNT12	LOAN_DEFAULT_CNT01	LOAN_DEEMED_CNT01	HCE_FL	ONE_STEP_FL	PDP_PTAX_PCT	PDP_ROTH_PCT	PDP_ATAX_PCT	PDP_TOT_PCT	PDP_PTAX_AMT	PDP_ROTH_AMT	PDP_ATAX_AMT	PDP_TOT_AMT	PART_BAL	LOAN_BAL	VGI_MF_STOCK_BAL	VGI_MF_TARGET_BAL	VGI_MF_LS_BAL	VGI_MF_BLN_BAL	VGI_MF_BOND_BAL	VGI_MF_MMKT_BAL	VGI_MF_OTH_BAL	RST_BAL	CMP_STOCK_BAL	STABLE_VAL_BAL	NVGI_MF_STOCK_BAL	NVGI_MF_BLN_BAL	NVGI_MF_BOND_BAL	NVGI_MF_MMKT_BAL	NVGI_MF_OTH_BAL	NVGI_BAL	VBO_BAL	AC_GR_46_STOCK_BAL	AC_GR_46_BLN_BAL	AC_GR_46_BOND_BAL	AC_GR_46_MMKT_BAL	AC_GR_46_OTH_BAL	OTH_BAL	VGI_INDEX_BAL	VGI_ACTIVE_BAL	NVGI_INDEX_BAL	NVGI_ACTIVE_BAL	VGI_SC_INV_BAL	VGI_SC_ADML_BAL	VGI_SC_INS_BAL	VGI_SC_INS_PL_BAL	VGI_SC_SGN_BAL	VGI_SC_OTH_BAL	EE_PTAX_BAL	EE_ROTH_BAL	EE_ATAX_BAL	ER_BAL	EE_PTAX_RO_BAL	EE_ROTH_RO_BAL	EE_ATAX_RO_BAL	SRC_OTH_BAL	PART_FND_CNT	PART_VGI_STOCK_CNT	PART_VGI_TARGET_CNT	PART_VGI_LS_CNT	PART_VGI_BLN_CNT	PART_VGI_BOND_CNT	PART_VGI_MMKT_CNT	PART_VGI_OTH_CNT	PART_RST_CNT	PART_CMP_STOCK_CNT	PART_STABLE_VAL_CNT	PART_NVGI_STOCK_CNT	PART_NVGI_BLN_CNT	PART_NVGI_BOND_CNT	PART_NVGI_MMKT_CNT	PART_NVGI_OTH_CNT	PART_NVGI_CNT	PART_AC_GR_46_STK_CNT	PART_AC_GR_46_BLN_CNT	PART_AC_GR_46_BOND_CNT	PART_AC_GR_46_MMKT_CNT	PART_AC_GR_46_OTH_CNT	PART_OTH_CNT	PART_VGI_INDEX_CNT	PART_VGI_ACTIVE_CNT	PART_NVGI_INDEX_CNT	PART_NVGI_ACTIVE_CNT	BAL_CD	CONTRIB_AMT01	EE_PTAX_CONTRIB_AMT01	EE_ROTH_CONTRIB_AMT01	EE_ATAX_CONTRIB_AMT01	ER_CONTRIB_AMT01	EE_PTAX_RO_CONTRIB_AMT01	EE_ROTH_RO_CONTRIB_AMT01	EE_ATAX_RO_CONTRIB_AMT01	SRC_OTHER_CONTRIB_AMT01	EXCH_IN_AMT01	EXCH_OUT_AMT01	EXCH_IN_PW_AMT01	EXCH_OUT_PW_AMT01	LOAN_ISS_AMT01	LOAN_REPAY_AMT01	INSTALL_AMT01	FORF_WDRL_AMT01	TERM_AMT01	WDRL_AMT01	T301_08_AMT01	T302_08_AMT01	T303_08_AMT01	T304_08_AMT01	T305_08_AMT01	T301_27_AMT01	T302_27_AMT01	T303_27_AMT01	T304_27_AMT01	T305_27_AMT01	T301_09_AMT01	CONTRIB_DD_CNT01	EE_PTAX_CONTRIB_DD_CNT01	EE_ROTH_CONTRIB_DD_CNT01	EE_ATAX_CONTRIB_DD_CNT01	ER_CONTRIB_DD_CNT01	EE_PTAX_RO_CONTRIB_DD_CNT01	EE_ROTH_RO_CONTRIB_DD_CNT01	EE_ATAX_RO_CONTRIB_DD_CNT01	SRC_OTHER_CONTRIB_DD_CNT01	EXCH_IN_DD_CNT01	EXCH_OUT_DD_CNT01	EXCH_IN_PW_DD_CNT01	EXCH_OUT_PW_DD_CNT01	LOAN_ISS_DD_CNT01	LOAN_REPAY_DD_CNT01	INSTALL_DD_CNT01	FORF_WDRL_DD_CNT01	TERM_DD_CNT01	WDRL_DD_CNT01	T301_08_DD_CNT01	T302_08_DD_CNT01	T303_08_DD_CNT01	T304_08_DD_CNT01	T305_08_DD_CNT01	T301_27_DD_CNT01	T302_27_DD_CNT01	T303_27_DD_CNT01	T304_27_DD_CNT01	T305_27_DD_CNT01	T301_09_DD_CNT01	TXN_CD01	CONTRIB_AMT12	EE_PTAX_CONTRIB_AMT12	EE_ROTH_CONTRIB_AMT12	EE_ATAX_CONTRIB_AMT12	ER_CONTRIB_AMT12	EE_PTAX_RO_CONTRIB_AMT12	EE_ROTH_RO_CONTRIB_AMT12	EE_ATAX_RO_CONTRIB_AMT12	SRC_OTHER_CONTRIB_AMT12	EXCH_IN_AMT12	EXCH_OUT_AMT12	EXCH_IN_PW_AMT12	EXCH_OUT_PW_AMT12	LOAN_ISS_AMT12	LOAN_REPAY_AMT12	INSTALL_AMT12	FORF_WDRL_AMT12	TERM_AMT12	WDRL_AMT12	T301_08_AMT12	T302_08_AMT12	T303_08_AMT12	T304_08_AMT12	T305_08_AMT12	T301_27_AMT12	T302_27_AMT12	T303_27_AMT12	T304_27_AMT12	T305_27_AMT12	T301_09_AMT12	CONTRIB_DD_CNT12	EE_PTAX_CONTRIB_DD_CNT12	EE_ROTH_CONTRIB_DD_CNT12	EE_ATAX_CONTRIB_DD_CNT12	ER_CONTRIB_DD_CNT12	EE_PTAX_RO_CONTRIB_DD_CNT12	EE_ROTH_RO_CONTRIB_DD_CNT12	EE_ATAX_RO_CONTRIB_DD_CNT12	SRC_OTHER_CONTRIB_DD_CNT12	EXCH_IN_DD_CNT12	EXCH_OUT_DD_CNT12	EXCH_IN_PW_DD_CNT12	EXCH_OUT_PW_DD_CNT12	LOAN_ISS_DD_CNT12	LOAN_REPAY_DD_CNT12	INSTALL_DD_CNT12	FORF_WDRL_DD_CNT12	TERM_DD_CNT12	WDRL_DD_CNT12	T301_08_DD_CNT12	T302_08_DD_CNT12	T303_08_DD_CNT12	T304_08_DD_CNT12	T305_08_DD_CNT12	T301_27_DD_CNT12	T302_27_DD_CNT12	T303_27_DD_CNT12	T304_27_DD_CNT12	T305_27_DD_CNT12	T301_09_DD_CNT12	CONTRIB_MM_CNT12	EE_PTAX_CONTRIB_MM_CNT12	EE_ROTH_CONTRIB_MM_CNT12	EE_ATAX_CONTRIB_MM_CNT12	ER_CONTRIB_MM_CNT12	EE_PTAX_RO_CONTRIB_MM_CNT12	EE_ROTH_RO_CONTRIB_MM_CNT12	EE_ATAX_RO_CONTRIB_MM_CNT12	SRC_OTHER_CONTRIB_MM_CNT12	EXCH_IN_MM_CNT12	EXCH_OUT_MM_CNT12	EXCH_IN_PW_MM_CNT12	EXCH_OUT_PW_MM_CNT12	LOAN_ISS_MM_CNT12	LOAN_REPAY_MM_CNT12	INSTALL_MM_CNT12	FORF_WDRL_MM_CNT12	TERM_MM_CNT12	WDRL_MM_CNT12	T301_08_MM_CNT12	T302_08_MM_CNT12	T303_08_MM_CNT12	T304_08_MM_CNT12	T305_08_MM_CNT12	T301_27_MM_CNT12	T302_27_MM_CNT12	T303_27_MM_CNT12	T304_27_MM_CNT12	T305_27_MM_CNT12	T301_09_MM_CNT12	CONTRIB_LAST_DT12	EE_PTAX_CONTRIB_LAST_DT12	EE_ROTH_CONTRIB_LAST_DT12	EE_ATAX_CONTRIB_LAST_DT12	ER_CONTRIB_LAST_DT12	EE_PTAX_RO_CONTRIB_LAST_DT12	EE_ROTH_RO_CONTRIB_LAST_DT12	EE_ATAX_RO_CONTRIB_LAST_DT12	SRC_OTHER_CONTRIB_LAST_DT12	EXCH_IN_LAST_DT12	EXCH_OUT_LAST_DT12	EXCH_IN_PW_LAST_DT12	EXCH_OUT_PW_LAST_DT12	LOAN_ISS_LAST_DT12	LOAN_REPAY_LAST_DT12	INSTALL_LAST_DT12	FORF_WDRL_LAST_DT12	TERM_LAST_DT12	WDRL_LAST_DT12	T301_08_LAST_DT12	T302_08_LAST_DT12	T303_08_LAST_DT12	T304_08_LAST_DT12	T305_08_LAST_DT12	T301_27_LAST_DT12	T302_27_LAST_DT12	T303_27_LAST_DT12	T304_27_LAST_DT12	T305_27_LAST_DT12	T301_09_LAST_DT12	TXN_CD12	PLAN_FND_CNT	PLAN_VGI_STOCK_CNT	PLAN_VGI_TARGET_CNT	PLAN_VGI_LS_CNT	PLAN_VGI_BLN_CNT	PLAN_VGI_BOND_CNT	PLAN_VGI_MMKT_CNT	PLAN_VGI_OTH_CNT	PLAN_RST_CNT	PLAN_CMP_STOCK_CNT	PLAN_STABLE_VAL_CNT	PLAN_NVGI_STOCK_CNT	PLAN_NVGI_BLN_CNT	PLAN_NVGI_BOND_CNT	PLAN_NVGI_MMKT_CNT	PLAN_NVGI_OTH_CNT	PLAN_NVGI_CNT	PLAN_AC_GR_46_STK_CNT	PLAN_AC_GR_46_BLN_CNT	PLAN_AC_GR_46_BOND_CNT	PLAN_AC_GR_46_MMKT_CNT	PLAN_AC_GR_46_OTH_CNT	PLAN_OTH_CNT	PLAN_VGI_INDEX_CNT	PLAN_VGI_ACTIVE_CNT	PLAN_NVGI_INDEX_CNT	PLAN_NVGI_ACTIVE_CNT	VMAP_PLN_OFFER_FL	VMAP_PART_USES_FL
90880	b'Aw0LBAAHBAMJ'	b'AQYHCgMNBQ=='	1-Aug-18	9001419	1597	DC	LR	2	DC	401k	1-Jan-63	30-Mar-99	3-Jul-13	31-Dec-99	TRF9	BALANCED	N	N	N	Y	31	47	F	UK	1-May-99	1-May-98	10-Sep-99	N	NC	27604	5877	Y	N	N	N	N	N			0	0	0	0	0	N	N									0	0	0	0	0	0	0	0	0	0	0	0	0	0	0	0	0	0	0	0	0	0	0	0	0	0	0	0	0	0	0	0	0	0	0	0	0	0	0	0	0	0	0	0	0	0	0	0	0	0	0	0	0	0	0	0	0	0	0	0	0	0	0	0	0	0	0	0	0	0	0	0	0	0	0	0	0	0	0	0	0	0	0	0	0	0	0	0	0	0	0	0	0	0	0	0	0	0	0	0	0	0	0	0	0	0	0	0	0	0	0	0	0	0	0	0	0	0	0	0	0	0	0	0	0	0	0	0	0	0	0	0	0	0	0	0	0	0	0	0	0	0	0	0	0	0	0	0	0	0	0	0	0	0	0	0	0	0	0	0	0	0	0	0	0	0	0	0	0	0	0	0	0	0	0	0	0	0	0	0	0	0	0	0	0	0	0	0	0	0	0	0	0	0	0	0	0	0	0	0	0	0	0	0	0	0	0	0	0	0	0	0	0	0	0	0	0	0	0	0	0	0																															1	23	5	12	0	0	0	1	0	1	0	0	3	0	1	0	0	4	0	0	0	0	0	0	17	1	0	4	Y	N
93612	b'AQAFBQQGAwoDBQ=='	b'AQUHBwIMAQc='	1-Aug-18	11462649	2785	DC	SL	2	DC	401(K)/PROFIT SHARING SOURCE	1-Jul-68	30-Sep-04			TRF9	BALANCED	N	N	Y	Y	0	45	F	UK	1-Jan-01	30-Aug-99		N	KY	40336	8804	Y	Y	Y	N	N	N			1	0	0	0	0	N	Y	5	0	0	5	0	0	0	0	114647.59	3506.44	0	114647.59	0	0	0	0	0	0	0	0	0	0	0	0	0	0	0	0	0	0	0	0	0	114647.59	0	0	0	0	0	114647.59	0	0	0	15888.58	0	0	98759.01	0	0	0	0	1	0	1	0	0	0	0	0	0	0	0	0	0	0	0	0	0	0	0	0	0	0	0	1	0	0	0	1	549.99	343.74	0	0	206.25	0	0	0	0	0	0	0	0	0	431.91	0	0	0	0	0	0	0	0	0	0	0	0	0	0	0	3	3	0	0	3	0	0	0	0	0	0	0	0	0	3	0	0	0	0	0	0	0	0	0	0	0	0	0	0	0	1	6058.68	2639.73	0	0	3418.95	0	0	0	0	0	0	0	0	0	3743.22	0	0	0	0	0	0	0	0	0	0	0	0	0	0	0	28	26	0	0	28	0	0	0	0	0	0	0	0	0	26	0	0	0	0	0	0	0	0	0	0	0	0	0	0	0	12	12	0	0	12	0	0	0	0	0	0	0	0	0	12	0	0	0	0	0	0	0	0	0	0	0	0	0	0	0	30-Aug-18	30-Aug-18			30-Aug-18										30-Aug-18																1	32	15	12	0	0	3	1	0	1	0	0	0	0	0	0	0	0	0	0	0	0	0	0	30	1	0	0	N	N
92510	b'AQYGAgcFBgsIBA=='	b'BwADAQkHAgo='	1-Aug-18	71071168	4073	DC	LR	2	DC	401k	1-Jan-17	3-Jan-17	22-Sep-17	31-Dec-99	TRF9	BALANCED	N	Y	N	N	0	36	M	UK	8-Jun-17	1-May-17		N	MI	48310	4166	N	N	N	N	N	N			0	0	0	0	0	N	N	2	0	0	2	0	0	0	0	2111.63	0	0	2111.63	0	0	0	0	0	0	0	0	0	0	0	0	0	0	0	0	0	0	0	0	0	2111.63	0	0	0	0	0	0	0	0	2111.63	1407.63	0	0	704	0	0	0	0	1	0	1	0	0	0	0	0	0	0	0	0	0	0	0	0	0	0	0	0	0	0	0	1	0	0	0	1	130.84	87.23	0	0	43.61	0	0	0	0	0	0	0	0	0	0	0	0	0	0	0	0	0	0	0	0	0	0	0	0	0	2	2	0	0	2	0	0	0	0	0	0	0	0	0	0	0	0	0	0	0	0	0	0	0	0	0	0	0	0	0	1	1691.49	1127.66	0	0	563.83	0	0	0	0	0	0	0	0	0	0	0	0	0	0	0	0	0	0	0	0	0	0	0	0	0	26	26	0	0	26	0	0	0	0	0	0	0	0	0	0	0	0	0	0	0	0	0	0	0	0	0	0	0	0	0	12	12	0	0	12	0	0	0	0	0	0	0	0	0	0	0	0	0	0	0	0	0	0	0	0	0	0	0	0	0	27-Aug-18	27-Aug-18			27-Aug-18																										1	20	5	12	0	0	1	1	0	0	0	0	0	0	0	1	0	1	0	0	0	0	0	0	18	1	0	1	Y	N
90067	b'CQQFBQcFCgUB'	b'AwMDBAcFAQo='	1-Aug-18	9000642	66	DC	403b	2	DC	403(B)(7)	1-Jan-83	1-Jan-92			TRF9	BALANCED	N	N	N	N	35	64	F	MA	1-Mar-08	13-Feb-08	12-May-08	N	NY	10025	4370	N	N	N	N	N	N			0	0	0	0	0	N	N									1488.38	0	0	1488.38	0	0	0	0	0	0	0	0	0	0	0	0	0	0	0	0	0	0	0	0	0	1488.38	0	0	0	0	0	1488.38	0	0	0	0	0	0	1488.38	0	0	0	0	1	0	1	0	0	0	0	0	0	0	0	0	0	0	0	0	0	0	0	0	0	0	0	1	0	0	0	1	0	0	0	0	0	0	0	0	0	0	0	0	0	0	0	0	0	0	0	0	0	0	0	0	0	0	0	0	0	0	0	0	0	0	0	0	0	0	0	0	0	0	0	0	0	0	0	0	0	0	0	0	0	0	0	0	0	0	0	0	0	0	0	0	0	0	0	0	0	0	0	0	1476.14	1476.14	0	0	0	0	0	0	0	0	0	0	0	0	0	0	0	0	0	0	0	0	0	0	0	0	0	0	0	0	1	1	0	0	0	0	0	0	0	0	0	0	0	0	0	0	0	0	0	0	0	0	0	0	0	0	0	0	0	0	1	1	0	0	0	0	0	0	0	0	0	0	0	0	0	0	0	0	0												31-Jul-18	31-Jul-18																		1	74	38	12	4	5	13	2	0	0	0	0	0	0	0	0	0	0	0	0	0	0	0	0	37	37	0	0	N	N
78067	b'AgAGCwAGCgAC'	b'AgEAAAUBAwQ='	1-Aug-18	24847190	3539	DC	403b	2	NQP	457(b) Governmental	9-Sep-05	16-Nov-06			TRF9	BALANCED	N	N	Y	N	0	50	M	MA	23-May-88	23-May-88		N	FL	34787	9744	Y	Y	Y	N	N	N			0	0	0	0	0	N	N	2	0	0	2	0	0	0	0	115167.57	0	115167.57	0	0	0	0	0	0	0	0	0	0	0	0	0	0	0	0	0	0	0	0	0	0	0	115167.57	0	0	31933.96	83233.61	0	0	0	0	115167.57	0	0	0	0	0	0	0	2	2	0	0	0	0	0	0	0	0	0	0	0	0	0	0	0	0	0	0	0	0	0	0	2	0	0	1	139.77	139.77	0	0	0	0	0	0	0	0	0	0	0	0	0	0	0	0	0	0	0	0	0	0	0	0	0	0	0	0	2	2	0	0	0	0	0	0	0	0	0	0	0	0	0	0	0	0	0	0	0	0	0	0	0	0	0	0	0	0	1	1762.48	1762.48	0	0	0	0	0	0	0	0	0	0	0	0	299.11	0	0	0	0	0	0	0	0	0	0	0	0	0	0	0	25	25	0	0	0	0	0	0	0	0	0	0	0	0	7	0	0	0	0	0	0	0	0	0	0	0	0	0	0	0	12	12	0	0	0	0	0	0	0	0	0	0	0	0	4	0	0	0	0	0	0	0	0	0	0	0	0	0	0	0	17-Aug-18	17-Aug-18													8-Dec-17																1	39	12	12	0	0	5	2	0	1	0	0	7	0	0	0	0	7	0	0	0	0	0	0	24	7	0	7	N	N
91524	b'AQEGAAYAAwYJBw=='	b'Bw0ACwQFAgE='	1-Aug-18	9002057	926	DC	SL	2	DC	401k	1-May-10	14-Jun-10			TRF9	BALANCED	N	Y	N	N	0	30	F	UK	13-Feb-18	12-Feb-18		N	CA	94401	2736	Y	Y	Y	Y	Y	N			0	0	0	0	0	N	Y	5	0	0	5	0	0	0	0	3378.34	0	0	3378.34	0	0	0	0	0	0	0	0	0	0	0	0	0	0	0	0	0	0	0	0	0	3378.34	0	0	0	0	0	3378.34	0	0	0	1876.86	0	0	1501.48	0	0	0	0	1	0	1	0	0	0	0	0	0	0	0	0	0	0	0	0	0	0	0	0	0	0	0	1	0	0	0	1	487.76	270.98	0	0	216.78	0	0	0	0	0	0	0	0	0	0	0	0	0	0	0	0	0	0	0	0	0	0	0	0	0	2	2	0	0	2	0	0	0	0	0	0	0	0	0	0	0	0	0	0	0	0	0	0	0	0	0	0	0	0	0	1	3283.87	1824.38	0	0	1459.49	0	0	0	0	0	0	0	0	0	0	0	0	0	0	0	0	0	0	0	0	0	0	0	0	0	15	14	0	0	15	0	0	0	0	0	0	0	0	0	0	0	0	0	0	0	0	0	0	0	0	0	0	0	0	0	7	7	0	0	7	0	0	0	0	0	0	0	0	0	0	0	0	0	0	0	0	0	0	0	0	0	0	0	0	0	24-Aug-18	24-Aug-18			24-Aug-18																										1	52	16	13	0	3	4	2	0	0	0	0	9	2	3	0	0	14	0	0	0	0	0	0	21	17	0	14	N	N
90310	b'AQcBAwYDAAQIBg=='	b'AwMEBwkNAQQ='	1-Aug-18	9000872	1742	DC	JB	2	DC	401k	1-Jan-86	18-Nov-99	10-Jun-05	31-Dec-99	OTHR	BALANCED	N	Y	N	N	0	62	F	UK	26-Mar-10	23-Jun-08		N	CA	91360	3311	Y	N	N	N	N	N			0	0	0	0	0	N	N	37	0	0	37	0	0	0	0	55341.49	0	0	0	0	0	0	0	0	0	0	0	0	55341.49	0	0	0	55341.49	0	0	0	0	0	0	0	0	0	0	55341.49	0	0	0	0	0	0	49730.24	0	0	5611.25	0	0	0	0	1	0	0	0	0	0	0	0	0	0	0	0	1	0	0	0	1	0	0	0	0	0	0	0	0	0	1	1	1216.17	1176.43	0	0	39.74	0	0	0	0	0	0	0	0	0	0	0	0	0	0	0	0	0	0	0	0	0	0	0	0	0	2	2	0	0	2	0	0	0	0	0	0	0	0	0	0	0	0	0	0	0	0	0	0	0	0	0	0	0	0	0	1	17414.92	16462	0	0	952.92	0	0	0	0	0	0	0	0	0	0	0	0	0	0	0	0	0	0	0	0	0	0	0	0	0	28	27	0	0	28	0	0	0	0	0	0	0	0	0	0	0	0	0	0	0	0	0	0	0	0	0	0	0	0	0	12	12	0	0	12	0	0	0	0	0	0	0	0	0	0	0	0	0	0	0	0	0	0	0	0	0	0	0	0	0	21-Aug-18	21-Aug-18			21-Aug-18																										1	24	4	0	1	2	1	0	0	0	0	1	3	10	0	0	0	13	1	0	1	0	0	0	4	4	0	13	Y	N
97528	b'AQwLBQcGBgoEAQ=='	b'BgcEAwMABwA='	1-Aug-18	62816784	4136	DC	MJ	2	DC	401k	1-Jul-72	31-Dec-15	22-Jul-16	31-Dec-99	TRF9	BALANCED	N	Y	N	N	0	72	M	MA	2-Apr-12	30-Jan-12		N	OH	44070	4308	N	N	N	N	N	N			1	0	0	0	0	N	N	3	0	0	3	0	0	0	0	18381.7	1012.38	0	18381.7	0	0	0	0	0	0	0	0	0	0	0	0	0	0	0	0	0	0	0	0	0	18381.7	0	0	0	0	0	18381.7	0	0	0	4238.75	0	0	7618.94	6524.01	0	0	0	1	0	1	0	0	0	0	0	0	0	0	0	0	0	0	0	0	0	0	0	0	0	0	1	0	0	0	1	71.88	47.92	0	0	23.96	0	0	0	0	0	0	0	0	0	41.57	0	0	0	0	0	0	0	0	0	0	0	0	0	0	0	1	1	0	0	1	0	0	0	0	0	0	0	0	0	1	0	0	0	0	0	0	0	0	0	0	0	0	0	0	0	1	2863.85	1187.7	0	0	1676.15	0	0	0	0	0	0	0	0	0	1039.25	0	0	0	0	0	0	0	0	0	0	0	0	0	0	0	29	28	0	0	29	0	0	0	0	0	0	0	0	0	25	0	0	0	0	2	0	0	0	0	0	0	0	0	0	0	12	12	0	0	12	0	0	0	0	0	0	0	0	0	12	0	0	0	0	2	0	0	0	0	0	0	0	0	0	0	15-Aug-18	15-Aug-18			15-Aug-18										15-Aug-18					5-Jan-18											1	30	5	12	0	0	1	1	0	1	0	0	7	0	3	0	0	10	0	0	0	0	0	0	17	2	0	10	Y	N
91310	b'AQMGCwYGCwoBDQ=='	b'AgADAgACAwM='	1-Aug-18	9001843	303	DC	LR	2	DC	401k	1-Jul-91	1-Oct-91	27-Apr-07	31-Dec-99	TRF9	BALANCED	N	N	Y	N	0	57	F	UK	3-Apr-06	3-Apr-06		N	CA	94941	1229	Y	N	Y	Y	Y	Y			0	0	0	0	0	N	N	11	0	0	11	0	0	0	0	251014.43	0	0	251014.43	0	0	0	0	0	0	0	0	0	0	0	0	0	0	0	0	0	0	0	0	0	251014.43	0	0	0	0	0	0	0	0	251014.43	171768.25	0	0	79246.18	0	0	0	0	1	0	1	0	0	0	0	0	0	0	0	0	0	0	0	0	0	0	0	0	0	0	0	1	0	0	0	1	906.49	795.5	0	0	110.99	0	0	0	0	0	0	0	0	0	0	0	0	0	0	0	0	0	0	0	0	0	0	0	0	0	2	2	0	0	1	0	0	0	0	0	0	0	0	0	0	0	0	0	0	0	0	0	0	0	0	0	0	0	0	0	1	14590.21	10090.21	0	0	4500	0	0	0	0	0	0	0	0	0	0	0	0	0	0	0	0	0	0	0	0	0	0	0	0	0	26	26	0	0	16	0	0	0	0	0	0	0	0	0	0	0	0	0	0	0	0	0	0	0	0	0	0	0	0	0	12	12	0	0	8	0	0	0	0	0	0	0	0	0	0	0	0	0	0	0	0	0	0	0	0	0	0	0	0	0	21-Aug-18	21-Aug-18			3-Aug-18																										1	24	5	12	0	0	1	1	0	1	0	0	3	0	1	0	0	4	0	0	0	0	0	0	15	4	0	4	Y	N
90518	b'Ag0EAQICBQs='	b'BAwEBwIFAgI='	1-Aug-18	9001066	33	DC	JB	2	DC	401k	6-Jan-86		4-Nov-11	31-Dec-99	TRF9	BALANCED	N	N	N	N	35	44	F	SN	17-Oct-12	23-Jul-12	30-Apr-15	N	FL	33702	2327	Y	Y	Y	Y	Y	Y			0	0	0	0	0	N	N	0	0	0	0	0	0	0	0	34422.69	0	0	34422.69	0	0	0	0	0	0	0	0	0	0	0	0	0	0	0	0	0	0	0	0	0	34422.69	0	0	0	0	0	0	0	0	34422.69	2256.28	17256.29	0	14910.12	0	0	0	0	1	0	1	0	0	0	0	0	0	0	0	0	0	0	0	0	0	0	0	0	0	0	0	1	0	0	0	1	0	0	0	0	0	0	0	0	0	0	0	0	0	0	0	0	0	0	0	0	0	0	0	0	0	0	0	0	0	0	0	0	0	0	0	0	0	0	0	0	0	0	0	0	0	0	0	0	0	0	0	0	0	0	0	0	0	0	0	0	0	0	0	0	0	0	0	0	0	0	0	0	0	0	0	0	0	0	0	0	0	0	0	0	0	0	0	0	0	0	0	0	0	0	0	0	0	0	0	0	0	0	0	0	0	0	0	0	0	0	0	0	0	0	0	0	0	0	0	0	0	0	0	0	0	0	0	0	0	0	0	0	0	0	0	0	0	0	0	0	0	0	0	0	0	0	0	0	0	0	0																															1	31	3	12	0	0	1	2	0	0	2	0	6	0	2	0	0	8	2	0	1	0	0	0	14	4	0	8	Y	N
91439	b'AQMGCgkBBgYJAA=='	b'AgcBAgYFCwc='	1-Aug-18	9001972	312	DC	JB	2	DC	401k	30-Jun-84	1-Sep-92	27-Apr-07	31-Dec-99	TRF9	BALANCED	N	N	Y	Y	0	56	M	UK	10-Aug-98	10-Aug-98		N	IN	46240	1241	Y	Y	Y	Y	Y	Y			1	0	0	0	0	N	N	6	0	0	6	0	0	0	0	284654.07	9323.06	0	0	0	17459.24	0	0	0	0	0	0	0	0	0	0	0	0	267194.83	0	0	0	0	0	0	0	17459.24	0	0	0	17459.24	0	0	0	0	164023.5	0	0	120630.57	0	0	0	0	1	0	0	0	1	0	0	0	0	0	0	0	0	0	0	0	0	0	0	0	0	0	0	0	1	0	0	1	951.46	570.88	0	0	380.58	0	0	0	0	0	0	0	0	0	224.88	0	0	0	0	0	0	0	0	0	0	0	0	0	0	0	2	2	0	0	2	0	0	0	0	0	0	0	0	0	2	0	0	0	0	0	0	0	0	0	0	0	0	0	0	0	1	15478.44	8687.06	0	0	6791.38	0	0	0	0	21762.67	21762.67	0	0	0	2923.44	0	0	0	0	0	0	0	0	0	0	0	0	0	0	0	27	26	0	0	27	0	0	0	0	1	1	0	0	0	26	0	0	0	0	0	0	0	0	0	0	0	0	0	0	0	12	12	0	0	12	0	0	0	0	1	1	0	0	0	12	0	0	0	0	0	0	0	0	0	0	0	0	0	0	0	24-Aug-18	24-Aug-18			24-Aug-18					15-Feb-18	15-Feb-18				24-Aug-18																1	26	5	12	0	1	2	1	0	0	1	0	0	0	0	0	0	0	3	0	1	0	0	0	14	7	0	0	Y	N
92538	b'BAMBAwEECgIJ'	b'BAMBAgUFAw=='	1-Aug-18	9003048	776	DC	JB	2	DC	401k	28-Jun-96	26-Aug-96	31-Dec-13	31-Dec-99	TRF9	BALANCED	N	N	N	N	31	71	M	UK	1-Sep-79	14-Aug-78	1-Apr-06	N	TX	77566	5644	Y	N	N	N	N	N			0	0	0	0	0	N	N	0	0	0	0	0	0	0	0	0	0	0	0	0	0	0	0	0	0	0	0	0	0	0	0	0	0	0	0	0	0	0	0	0	0	0	0	0	0	0	0	0	0	0	0	0	0	0	0	0	0	0	0	0	0	0	0	0	0	0	0	0	0	0	0	0	0	0	0	0	0	0	0	0	0	0	0	0	0	0	0	0	0	0	0	0	0	0	0	0	0	0	0	0	0	0	0	0	0	0	0	0	0	0	0	0	0	0	0	0	0	0	0	0	0	0	0	0	0	0	0	0	0	0	0	0	0	0	0	0	0	0	0	0	0	0	0	0	0	0	1	0	0	0	0	0	0	0	0	0	0	0	0	0	0	0	0	0	0	0	0	0	0	0	0	0	0	0	0	0	0	0	0	0	0	0	0	0	0	0	0	0	0	0	0	0	0	0	0	0	0	0	0	0	0	0	0	0	0	0	0	0	0	0	0	0	0	0	0	0	0	0	0	0	0	0	0	0	0	0	0	0	0	0	0	0	0	0	0	0	0																															1	39	11	12	0	2	1	1	0	0	6	1	1	0	1	0	0	2	2	0	1	0	0	0	20	7	0	2	Y	N
91365	b'AgAABgkBAwoB'	b'AwAECgQEAwY='	1-Aug-18	9001898	72	DC	403b	2	DC	401(A)	1-May-91	1-Jul-91			TRF9	BALANCED	N	N	N	N	35	41	F	UK	7-Aug-07	7-Aug-07	5-Apr-13	N	GA	30101	1402	Y	N	N	N	N	N			0	0	0	0	0	N	N									418.45	0	0	418.45	0	0	0	0	0	0	0	0	0	0	0	0	0	0	0	0	0	0	0	0	0	418.45	0	0	0	0	0	418.45	0	0	0	0	0	0	418.45	0	0	0	0	1	0	1	0	0	0	0	0	0	0	0	0	0	0	0	0	0	0	0	0	0	0	0	1	0	0	0	1	0	0	0	0	0	0	0	0	0	0	0	0	0	0	0	0	0	0	0	0	0	0	0	0	0	0	0	0	0	0	0	0	0	0	0	0	0	0	0	0	0	0	0	0	0	0	0	0	0	0	0	0	0	0	0	0	0	0	0	0	0	0	0	0	0	0	0	0	0	0	0	0	0	0	0	0	0	0	0	0	0	0	0	0	0	0	0	0	0	0	0	0	0	0	0	0	0	0	0	0	0	0	0	0	0	0	0	0	0	0	0	0	0	0	0	0	0	0	0	0	0	0	0	0	0	0	0	0	0	0	0	0	0	0	0	0	0	0	0	0	0	0	0	0	0	0	0	0	0	0	0																															1	16	2	12	0	0	1	1	0	0	0	0	0	0	0	0	0	0	0	0	0	0	0	0	15	1	0	0	N	N
93100	b'AQwBAQINAgUHAQ=='	b'BwwFBQUCBgs='	1-Aug-18	76714350	4321	DC	LR	2	DC	401k	1-Jan-91	16-Jan-18	4-May-18	31-Dec-99	TRF9	BALANCED	N	N	N	N	0	34	M	SN	22-Apr-13	22-Apr-13		N	CA	92648	5062	Y	Y	Y	Y	Y	N			0	0	0	0	0	N	N	6	0	0	6	0	0	0	0	22742.34	0	0	22742.34	0	0	0	0	0	0	0	0	0	0	0	0	0	0	0	0	0	0	0	0	0	22742.34	0	0	0	0	0	22742.34	0	0	0	3750.37	0	0	1875.2	17116.77	0	0	0	1	0	1	0	0	0	0	0	0	0	0	0	0	0	0	0	0	0	0	0	0	0	0	1	0	0	0	1	664.9	443.27	0	0	221.63	0	0	0	0	0	0	0	0	0	0	0	0	0	0	0	0	0	0	0	0	0	0	0	0	0	2	2	0	0	2	0	0	0	0	0	0	0	0	0	0	0	0	0	0	0	0	0	0	0	0	0	0	0	0	0	1	5496.52	3664.35	0	0	1832.17	0	0	0	0	0	0	0	0	0	0	0	0	0	0	16561.68	0	0	0	0	0	0	0	0	0	0	16	16	0	0	16	0	0	0	0	0	0	0	0	0	0	0	0	0	0	1	0	0	0	0	0	0	0	0	0	0	8	8	0	0	8	0	0	0	0	0	0	0	0	0	0	0	0	0	0	1	0	0	0	0	0	0	0	0	0	0	24-Aug-18	24-Aug-18			24-Aug-18															5-Mar-18											1	30	6	12	0	1	2	0	0	1	0	0	5	0	2	1	0	8	0	0	0	0	0	0	17	4	0	8	Y	N
90695	b'CQEACwUMCwcJ'	b'BAMEBgYCAwA='	1-Aug-18	9001236	316	DC	JB	2	DC	401(K)/PROFIT SHARING SOURCE	1-Jan-87	31-Mar-84	27-Feb-12	31-Dec-99	TRF9	BALANCED	N	Y	N	N	35	53	U	UK	3-Apr-12	5-Mar-12	1-May-15	N	OH	43016	3276	Y	Y	Y	Y	Y	N			0	0	0	0	0	N	N	0	0	0	0	0	0	0	0	16006.38	0	11101.65	4904.73	0	0	0	0	0	0	0	0	0	0	0	0	0	0	0	0	0	0	0	0	0	16006.38	0	0	0	0	0	5240.6	5861.05	0	4904.73	10007.42	0	0	5007.83	991.13	0	0	0	3	2	1	0	0	0	0	0	0	0	0	0	0	0	0	0	0	0	0	0	0	0	0	3	0	0	0	1	0	0	0	0	0	0	0	0	0	0	0	0	0	0	0	0	0	0	0	0	0	0	0	0	0	0	0	0	0	0	0	0	0	0	0	0	0	0	0	0	0	0	0	0	0	0	0	0	0	0	0	0	0	0	0	0	0	0	0	0	0	0	0	0	0	0	0	0	0	0	0	0	0	0	0	0	0	0	0	0	0	0	0	0	0	0	0	0	0	0	0	0	0	0	0	0	0	0	0	0	0	0	0	0	0	0	0	0	0	0	0	0	0	0	0	0	0	0	0	0	0	0	0	0	0	0	0	0	0	0	0	0	0	0	0	0	0	0	0	0	0	0	0	0	0	0	0	0	0	0	0																															1	26	7	12	0	1	2	1	0	1	1	0	1	0	0	0	0	1	0	0	0	0	0	0	17	6	0	1	Y	N
93285	b'BQUHAgkHBgAD'	b'AgAEBQcCAgE='	1-Aug-18	20213020	242	DC	JB	2	DC	401(K)/PROFIT SHARING SOURCE	1-Jan-97	3-Jan-05	27-Sep-07	31-Dec-99	TRF9	BALANCED	N	N	N	Y	32	30	M	SN	31-Jan-08	21-Nov-16	15-Jun-17	N	AZ	85202	6514	Y	Y	Y	Y	Y	N			0	0	0	0	0	N	N	0	0	0	0	0	0	0	0	17743.06	0	0	0	0	17743.06	0	0	0	0	0	0	0	0	0	0	0	0	0	0	0	0	0	0	0	0	17743.06	0	0	0	17743.06	0	0	0	0	8623.9	0	0	9119.16	0	0	0	0	1	0	0	0	1	0	0	0	0	0	0	0	0	0	0	0	0	0	0	0	0	0	0	0	1	0	0	1	0	0	0	0	0	0	0	0	0	0	0	0	0	0	0	0	0	0	0	0	0	0	0	0	0	0	0	0	0	0	0	0	0	0	0	0	0	0	0	0	0	0	0	0	0	0	0	0	0	0	0	0	0	0	0	0	0	0	0	0	0	0	0	0	0	0	0	0	0	0	0	0	0	0	0	0	0	0	0	0	0	0	0	0	0	0	0	0	0	0	0	0	0	0	0	0	0	0	0	0	0	0	0	0	0	0	0	0	0	0	0	0	0	0	0	0	0	0	0	0	0	0	0	0	0	0	0	0	0	0	0	0	0	0	0	0	0	0	0	0	0	0	0	0	0	0	0	0	0	0	0																															1	25	4	12	0	1	1	1	0	1	0	0	0	0	1	0	0	1	3	0	1	0	0	0	12	7	0	1	Y	N
95555	b'AgQDBgcHCgMD'	b'AwcFAAMNCgM='	1-Aug-18	9003523	2312	DC	JB	3	DC	401(K)/ESOP	28-Mar-02	15-Apr-02			TRF9	BALANCED	N	N	N	N	31	39	M	UK	15-Jul-07	4-Jun-07		N	TX	77402	5095	Y	Y	Y	Y	Y	N			0	0	0	0	0	N	N	25	10	8	43	0	0	0	0	0	0	0	0	0	0	0	0	0	0	0	0	0	0	0	0	0	0	0	0	0	0	0	0	0	0	0	0	0	0	0	0	0	0	0	0	0	0	0	0	0	0	0	0	0	0	0	0	0	0	0	0	0	0	0	0	0	0	0	0	0	0	0	0	0	0	0	0	0	0	0	0	0	0	0	0	0	0	0	0	0	0	0	0	0	0	0	0	0	0	0	0	0	0	0	0	0	0	0	0	0	0	0	0	0	0	0	0	0	0	0	0	0	0	0	0	0	0	0	0	0	0	0	0	0	0	0	0	0	0	0	0	11820.16	0	0	6566.72	5253.44	0	0	0	0	0	0	0	0	0	0	0	0	0	4154.46	0	0	0	0	0	0	0	676643.17	0	0	0	8	0	0	8	8	0	0	0	0	0	0	0	0	0	0	0	0	0	1	0	0	0	0	0	0	0	1	0	0	0	4	0	0	4	4	0	0	0	0	0	0	0	0	0	0	0	0	0	1	0	0	0	0	0	0	0	1	0	0	0	18-Dec-17			18-Dec-17	18-Dec-17														13-Sep-17								30-Dec-17				1	0	0	0	0	0	0	0	0	0	0	0	0	0	0	0	0	0	0	0	0	0	0	0	0	0	0	0	N	N
94188	b'BwwHAQIEAQoJ'	b'CAYCBwQHAws='	1-Aug-18	66540834	4191	DC	SL	2	DC	401k	1-Jan-10	16-Aug-16			TRF9	BALANCED	N	N	Y	N	0	29	U	UK	9-Aug-18	7-Aug-18		N	TX	78727	4133	N	N	N	N	N	N			0	0	0	0	0	N	N	3	0	0	3	0	0	0	0	412.66	0	0	412.66	0	0	0	0	0	0	0	0	0	0	0	0	0	0	0	0	0	0	0	0	0	412.66	0	0	0	0	0	412.66	0	0	0	206.33	0	0	206.33	0	0	0	0	1	0	1	0	0	0	0	0	0	0	0	0	0	0	0	0	0	0	0	0	0	0	0	1	0	0	0	1	413.18	206.59	0	0	206.59	0	0	0	0	0	0	0	0	0	0	0	0	0	0	0	0	0	0	0	0	0	0	0	0	0	1	1	0	0	1	0	0	0	0	0	0	0	0	0	0	0	0	0	0	0	0	0	0	0	0	0	0	0	0	0	1	413.18	206.59	0	0	206.59	0	0	0	0	0	0	0	0	0	0	0	0	0	0	0	0	0	0	0	0	0	0	0	0	0	1	1	0	0	1	0	0	0	0	0	0	0	0	0	0	0	0	0	0	0	0	0	0	0	0	0	0	0	0	0	1	1	0	0	1	0	0	0	0	0	0	0	0	0	0	0	0	0	0	0	0	0	0	0	0	0	0	0	0	0	30-Aug-18	30-Aug-18			30-Aug-18																										1	31	8	12	0	0	2	1	0	0	0	0	7	0	1	0	0	8	0	0	0	0	0	0	20	3	0	8	N	N
91588	b'AQMDAwAEAgYABQ=='	b'BgQAAAcBAgQ='	1-Aug-18	9002121	2267	DC	LR	2	DC	401k		6-Nov-01	30-Sep-05	31-Dec-99	TRF9	BALANCED	N	Y	N	N	35	30	U	UK	2-Jan-07	2-Jan-07	24-Sep-14	N	WI	53132	9141	N	N	N	N	N	N			0	0	0	0	0	N	N									0	0	0	0	0	0	0	0	0	0	0	0	0	0	0	0	0	0	0	0	0	0	0	0	0	0	0	0	0	0	0	0	0	0	0	0	0	0	0	0	0	0	0	0	0	0	0	0	0	0	0	0	0	0	0	0	0	0	0	0	0	0	0	0	0	0	0	0	0	0	0	0	0	0	0	0	0	0	0	0	0	0	0	0	0	0	0	0	0	0	0	0	0	0	0	0	0	0	0	0	0	0	0	0	0	0	0	0	0	0	0	0	0	0	0	0	0	0	0	0	0	0	0	0	0	0	0	0	0	0	0	0	0	0	0	0	0	0	0	0	0	0	0	0	0	0	0	0	0	0	0	0	0	0	0	0	0	0	0	0	0	0	0	0	0	0	0	0	0	0	0	0	0	0	0	0	0	0	0	0	0	0	0	0	0	0	0	0	0	0	0	0	0	0	0	0	0	0	0	0	0	0	0	0	0	0	0	0	0	0	0	0	0	0	0	0	0	0	0	0	0	0																															1	22	5	12	0	1	1	1	0	1	0	0	1	0	0	0	0	1	0	0	0	0	0	0	15	5	0	1	Y	N
91317	b'AQwHBgADBQoCBw=='	b'BQIAAQAECgU='	1-Aug-18	9001850	441	DC	JB	2	DC	401k	1-Jan-84	11-Feb-91	1-Sep-06	31-Dec-99	TRF9	BALANCED	N	N	Y	N	0	34	M	SN	19-Mar-14	10-Mar-14		N	NJ	7045	9004	Y	Y	Y	Y	Y	Y			0	0	0	0	0	N	N	10	0	0	10	0	0	0	0	71846.9	0	0	71846.9	0	0	0	0	0	0	0	0	0	0	0	0	0	0	0	0	0	0	0	0	0	71846.9	0	0	0	0	0	0	0	0	71846.9	28118.07	0	0	29305.54	14423.29	0	0	0	1	0	1	0	0	0	0	0	0	0	0	0	0	0	0	0	0	0	0	0	0	0	0	1	0	0	0	1	1184.6	676.92	0	0	507.68	0	0	0	0	0	0	0	0	0	0	0	0	0	0	0	0	0	0	0	0	0	0	0	0	0	2	2	0	0	2	0	0	0	0	0	0	0	0	0	0	0	0	0	0	0	0	0	0	0	0	0	0	0	0	0	1	12690.53	6741.53	0	0	5949	0	0	0	0	0	0	0	0	0	0	0	0	0	0	0	0	0	0	0	0	0	0	0	0	0	26	26	0	0	26	0	0	0	0	0	0	0	0	0	0	0	0	0	0	0	0	0	0	0	0	0	0	0	0	0	12	12	0	0	12	0	0	0	0	0	0	0	0	0	0	0	0	0	0	0	0	0	0	0	0	0	0	0	0	0	17-Aug-18	17-Aug-18			17-Aug-18																										1	23	3	13	0	0	0	1	0	1	0	0	0	0	2	0	0	2	2	0	1	0	0	0	16	1	2	0	Y	N
91194	b'BQ0ABAcNAAEJ'	b'AgIBAgIEAAo='	1-Aug-18	9001728	1428	DC	JB	2	DC	401k	1-Jul-71	5-Nov-98	12-Dec-14	31-Dec-99	TRF9	BALANCED	N	N	N	N	31	33	M	MA	21-Mar-07	5-Sep-06	4-Aug-07	N	ID	83221	6144	N	N	N	N	N	N			0	0	0	0	0	N	N									0	0	0	0	0	0	0	0	0	0	0	0	0	0	0	0	0	0	0	0	0	0	0	0	0	0	0	0	0	0	0	0	0	0	0	0	0	0	0	0	0	0	0	0	0	0	0	0	0	0	0	0	0	0	0	0	0	0	0	0	0	0	0	0	0	0	0	0	0	0	0	0	0	0	0	0	0	0	0	0	0	0	0	0	0	0	0	0	0	0	0	0	0	0	0	0	0	0	0	0	0	0	0	0	0	0	0	0	0	0	0	0	0	0	0	0	0	0	0	0	0	0	0	0	0	0	0	0	0	0	0	0	0	0	0	0	0	0	0	0	0	0	0	0	0	0	0	0	0	0	0	0	0	0	0	0	0	0	0	0	0	0	0	0	0	0	0	0	0	0	0	0	0	0	0	0	0	0	0	0	0	0	0	0	0	0	0	0	0	0	0	0	0	0	0	0	0	0	0	0	0	0	0	0	0	0	0	0	0	0	0	0	0	0	0	0	0	0	0	0	0	0																															1	27	8	12	0	0	1	1	0	0	0	1	4	0	0	0	0	4	0	0	0	0	0	0	16	6	0	4	Y	N
91584	b'Ag0CBAgABQsC'	b'BwYFBgcHAQE='	1-Aug-18	9002117	1230	DC	SL	2	DC	401k		13-Apr-98			21	BALANCED	N	N	Y	N	31	32	F	UK	4-Mar-17	1-Feb-17	7-Sep-17	N	PA	19032	1612	N	N	N	N	N	N			0	0	0	0	0	N	N	0	0	0	0	0	0	0	0	0	0	0	0	0	0	0	0	0	0	0	0	0	0	0	0	0	0	0	0	0	0	0	0	0	0	0	0	0	0	0	0	0	0	0	0	0	0	0	0	0	0	0	0	0	0	0	0	0	0	0	0	0	0	0	0	0	0	0	0	0	0	0	0	0	0	0	0	0	0	0	0	0	0	0	0	0	0	0	0	0	0	0	0	0	0	0	0	0	0	0	0	0	0	0	0	0	0	0	0	0	0	0	0	0	0	0	0	0	0	0	0	0	0	0	0	0	0	0	0	0	0	0	0	0	0	0	0	0	0	0	0	0	0	0	0	0	0	0	0	0	0	0	0	0	0	0	0	0	87.91	0	0	0	0	0	0	0	0	0	0	0	0	0	0	0	0	0	0	0	0	0	0	0	0	0	0	0	0	0	1	0	0	0	0	0	0	0	0	0	0	0	0	0	0	0	0	0	0	0	0	0	0	0	0	0	0	0	0	0	1	0	0	0	0	0	0	0	0	0	0	0	0																		19-Oct-17													1	19	3	11	0	2	2	1	0	0	0	0	0	0	0	0	0	0	0	0	0	0	0	0	13	6	0	0	N	N
92466	b'AQQACgMNBAMJ'	b'AgUKAgUBCwc='	1-Aug-18	9002979	1980	DC	LR	3	DC	401k	7-Apr-95	5-May-00			TRF9	BALANCED	N	N	N	N	31	41	M	SN	12-Jun-05	9-May-05	12-Nov-10	N	CA	94089	2192	Y	Y	Y	Y	Y	N			0	0	0	0	0	N	N	0	0	0	0	0	0	0	0	0	0	0	0	0	0	0	0	0	0	0	0	0	0	0	0	0	0	0	0	0	0	0	0	0	0	0	0	0	0	0	0	0	0	0	0	0	0	0	0	0	0	0	0	0	0	0	0	0	0	0	0	0	0	0	0	0	0	0	0	0	0	0	0	0	0	0	0	0	0	0	0	0	0	0	0	0	0	0	0	0	0	0	0	0	0	0	0	0	0	0	0	0	0	0	0	0	0	0	0	0	0	0	0	0	0	0	0	0	0	0	0	0	0	0	0	0	0	0	0	0	0	0	0	0	0	0	0	0	0	0	0	0	0	0	0	0	0	0	0	0	0	0	0	0	0	0	0	0	0	0	0	0	0	0	0	0	0	95955.87	0	0	18.42	0	0	0	0	0	0	0	0	0	0	0	0	0	0	0	0	0	0	0	0	0	0	0	0	0	0	1	0	0	11	0	0	0	0	0	0	0	0	0	0	0	0	0	0	0	0	0	0	0	0	0	0	0	0	0	0	1	0	0	10																											1-May-18			11-Jul-18	1	0	0	0	0	0	0	0	0	0	0	0	0	0	0	0	0	0	0	0	0	0	0	0	0	0	0	0	N	N
50126	b'AgAEBQAFBAsB'	b'BAIECggCCwc='	1-Aug-18	44817337	894	DC	LR	2	NQP	UNFUNDED	1-Jan-11	10-Mar-11			TRF9	BALANCED	N	N	N	N	0	41	F	SN	7-Dec-15	18-Jul-11		N	CA	94024		Y	Y	Y	Y	Y	Y			0	0	0	0	0	Y	N	1	0	0	1	0	0	0	0	2989.56	0	0	1690.64	0	0	0	1298.92	0	0	0	0	0	0	0	0	0	0	0	0	0	0	0	0	0	1690.64	1298.92	0	0	2989.56	0	0	0	0	0	2989.56	0	0	0	0	0	0	0	2	0	1	0	0	0	1	0	0	0	0	0	0	0	0	0	0	0	0	0	0	0	0	1	1	0	0	1	0	0	0	0	0	0	0	0	0	0	0	0	0	0	0	0	0	0	0	0	0	0	0	0	0	0	0	0	0	0	0	0	0	0	0	0	0	0	0	0	0	0	0	0	0	0	0	0	0	0	0	0	0	0	0	0	0	0	0	0	1	0	0	0	0	0	0	0	0	0	0	0	0	0	0	0	0	0	0	0	0	0	0	0	0	0	0	0	0	0	0	0	0	0	0	0	0	0	0	0	0	0	0	0	0	0	0	0	0	0	0	0	0	0	0	0	0	0	0	0	0	0	0	0	0	0	0	0	0	0	0	0	0	0	0	0	0	0	0	0	0	0	0	0	0	0	0	0	0	0	0																															1	27	12	12	0	1	1	1	0	0	0	0	0	0	0	0	0	0	0	0	0	0	0	0	18	9	0	0	N	N
91151	b'AQYACwMDAQMB'	b'BAIKBQUAAgA='	1-Aug-18	9001685	803	DC	MJ	2	DC	401(K)/PROFIT SHARING SOURCE	1-Jan-90	30-Aug-96	7-Jul-09	31-Dec-99	TRF9	BALANCED	N	N	Y	N	31	29	M	SN	3-Mar-12	28-Nov-11	31-May-12	N	TX	79701	2500	N	N	N	N	N	N			0	0	0	0	0	N	N	0	0	0	0	0	0	0	0	0	0	0	0	0	0	0	0	0	0	0	0	0	0	0	0	0	0	0	0	0	0	0	0	0	0	0	0	0	0	0	0	0	0	0	0	0	0	0	0	0	0	0	0	0	0	0	0	0	0	0	0	0	0	0	0	0	0	0	0	0	0	0	0	0	0	0	0	0	0	0	0	0	0	0	0	0	0	0	0	0	0	0	0	0	0	0	0	0	0	0	0	0	0	0	0	0	0	0	0	0	0	0	0	0	0	0	0	0	0	0	0	0	0	0	0	0	0	0	0	0	0	0	0	0	0	0	0	0	0	0	0	0	0	0	0	0	0	0	0	0	0	0	0	0	0	0	0	0	0	0	0	0	0	0	0	0	0	0	0	0	0	0	0	0	0	0	0	0	0	0	0	0	0	0	0	0	0	0	0	0	0	0	0	0	0	0	0	0	0	0	0	0	0	0	0	0	0	0	0	0	0	0	0	0	0	0	0	0	0	0	0	0	0	0	0	0	0	0	0	0	0																															1	38	9	12	0	1	2	1	0	1	1	0	8	0	3	0	0	11	0	0	0	0	0	0	20	5	0	11	Y	N
90751	b'AQAEBAAHBAE='	b'BQMCBAMGAQo='	1-Aug-18	9001292	35	DC	JB	2	DC	401k	1-Jan-85	21-Aug-00	26-Apr-13	31-Dec-99	TRF9	BALANCED	N	N	N	N	20	77	M	MA	17-Jun-14	5-Jun-14	15-Jan-16	N	CA	94556	2611	N	N	N	N	N	N			0	0	0	0	0	N	N	0	0	0	0	0	0	0	0	68289.5	0	0	0	0	0	0	0	0	0	0	0	0	0	0	0	0	0	0	68289.5	0	0	0	0	0	0	0	0	0	0	0	0	0	0	0	67832.96	0	0	456.54	0	0	0	0	1	0	0	0	0	0	0	0	0	0	0	0	0	0	0	0	0	1	0	0	0	0	0	0	0	0	0	1	0	0	0	0	0	0	0	0	0	0	0	0	0	0	0	0	0	0	0	0	0	0	0	0	0	0	0	0	0	0	0	0	0	0	0	0	0	0	0	0	0	0	0	0	0	0	0	0	0	0	0	0	0	0	0	0	0	0	0	0	0	0	0	0	0	0	0	0	0	0	0	0	0	0	0	0	2415.57	0	0	0	0	0	0	0	0	0	0	0	0	0	0	0	0	0	0	0	0	0	0	0	0	0	0	0	0	0	1	0	0	0	0	0	0	0	0	0	0	0	0	0	0	0	0	0	0	0	0	0	0	0	0	0	0	0	0	0	1	0	0	0	0	0	0	0	0	0	0	0	0	0	0																18-Oct-17															1	24	5	12	0	1	0	1	0	1	0	0	2	0	0	0	0	2	1	0	1	0	0	0	15	4	0	2	Y	N
90310	b'Ag0FAwMEBwMH'	b'BwwDAAUGBgM='	1-Aug-18	9000872	1742	DC	JB	2	DC	401k	1-Jan-86	18-Nov-99	10-Jun-05	31-Dec-99	OTHR	BALANCED	N	Y	N	N	0	21	U	UK	21-Jan-18	4-Dec-17		N	CA	93552	4666	N	N	N	N	N	N			0	0	0	0	0	N	N	2	0	0	2	0	0	0	0	427.93	0	0	0	0	0	0	0	0	0	0	0	0	427.93	0	0	0	427.93	0	0	0	0	0	0	0	0	0	0	427.93	0	0	0	0	0	0	427.93	0	0	0	0	0	0	0	1	0	0	0	0	0	0	0	0	0	0	0	1	0	0	0	1	0	0	0	0	0	0	0	0	0	1	1	56.39	56.39	0	0	0	0	0	0	0	0	0	0	0	0	0	0	0	0	0	0	0	0	0	0	0	0	0	0	0	0	2	2	0	0	0	0	0	0	0	0	0	0	0	0	0	0	0	0	0	0	0	0	0	0	0	0	0	0	0	0	1	414.97	414.97	0	0	0	0	0	0	0	0	0	0	0	0	0	0	0	0	0	0	0	0	0	0	0	0	0	0	0	0	14	14	0	0	0	0	0	0	0	0	0	0	0	0	0	0	0	0	0	0	0	0	0	0	0	0	0	0	0	0	7	7	0	0	0	0	0	0	0	0	0	0	0	0	0	0	0	0	0	0	0	0	0	0	0	0	0	0	0	0	21-Aug-18	21-Aug-18																													1	24	4	0	1	2	1	0	0	0	0	1	3	10	0	0	0	13	1	0	1	0	0	0	4	4	0	13	Y	N
91847	b'CQMECwcGAAoC'	b'AwEGBQAHAg=='	1-Aug-18	9002380	552	DC	JB	2	DC	PROFIT SHARING PLAN	1-Jan-92	31-Mar-94	30-Dec-05	31-Dec-99	TRF9	BALANCED	N	Y	N	N	20	72	M	MA	9-Jul-87	24-Oct-72	1-May-08	N	WV	26581	7735	Y	Y	Y	N	N	Y			0	0	0	0	0	N	N	0	0	0	0	0	0	0	0	105731.15	0	0	0	0	0	0	0	0	0	0	105731.15	0	0	0	0	0	0	0	0	0	0	0	0	0	0	0	0	0	0	0	0	0	0	0	12544.49	0	47839.39	45347.27	0	0	0	0	1	0	0	0	0	0	0	0	0	0	1	0	0	0	0	0	0	0	0	0	0	0	0	0	0	0	0	1	0	0	0	0	0	0	0	0	0	0	0	0	0	0	0	4240.57	0	0	0	0	0	0	0	0	0	0	0	0	0	0	0	0	0	0	0	0	0	0	0	0	0	0	0	0	0	1	0	0	0	0	0	0	0	0	0	0	0	0	0	0	1	0	0	0	0	0	0	0	0	0	0	0	0	0	0	0	4240.57	0	0	0	0	0	0	0	0	0	0	0	0	0	0	0	0	0	0	0	0	0	0	0	0	0	0	0	0	0	1	0	0	0	0	0	0	0	0	0	0	0	0	0	0	0	0	0	0	0	0	0	0	0	0	0	0	0	0	0	1	0	0	0	0	0	0	0	0	0	0	0	0	0	0																9-Aug-18															1	27	5	12	0	1	1	0	0	0	0	1	1	1	1	0	0	3	3	0	1	0	0	0	12	7	0	3	Y	N
90081	b'AQcCBAYNCwAHDQ=='	b'AgUGAwUN'	1-Aug-18	9000656	844	DC	LR	2	DC	401(K)/PROFIT SHARING SOURCE	31-Dec-56	18-Dec-96	14-Jul-17	31-Dec-99	TRF9	BALANCED	N	Y	N	N	0	60	F	MA	1-Jul-00	25-Oct-99		N	MI	49078	9604	Y	Y	Y	Y	Y	Y			0	0	0	0	0	N	N	10	0	0	10	0	0	0	0	104104.45	0	0	0	0	0	0	90567.57	0	0	13536.88	0	0	0	0	0	0	0	0	0	0	0	0	0	0	0	90567.57	0	0	0	90567.57	0	0	0	0	30314.56	0	0	73789.89	0	0	0	0	2	0	0	0	0	0	1	0	0	1	0	0	0	0	0	0	0	0	0	0	0	0	0	0	1	0	0	1	457.96	457.96	0	0	0	0	0	0	0	0	0	0	0	0	0	0	0	0	0	0	0	0	0	0	0	0	0	0	0	0	4	4	0	0	0	0	0	0	0	0	0	0	0	0	0	0	0	0	0	0	0	0	0	0	0	0	0	0	0	0	1	12086.85	5880.48	0	0	6206.37	0	0	0	0	0	0	0	0	0	0	0	0	0	0	0	0	0	0	0	0	0	0	0	0	0	53	52	0	0	1	0	0	0	0	0	0	0	0	0	0	0	0	0	0	0	0	0	0	0	0	0	0	0	0	0	12	12	0	0	1	0	0	0	0	0	0	0	0	0	0	0	0	0	0	0	0	0	0	0	0	0	0	0	0	0	28-Aug-18	28-Aug-18			15-Mar-18																										1	27	3	12	0	1	2	1	0	0	1	0	5	0	1	1	0	7	0	0	0	0	0	0	17	2	1	6	Y	N
91746	b'AQEFBgENCgsIAQ=='	b'BQwFAAkCBQE='	1-Aug-18	9002279	1275	DC	LR	2	DC	401k		22-Jun-98			TRF9	BALANCED	N	N	Y	N	0	45	U	UK	15-Dec-14	29-Apr-11		N	CT	6416	1740	Y	Y	Y	Y	Y	N			0	0	0	0	0	N	Y	6	0	0	6	0	0	0	0	0	0	0	0	0	0	0	0	0	0	0	0	0	0	0	0	0	0	0	0	0	0	0	0	0	0	0	0	0	0	0	0	0	0	0	0	0	0	0	0	0	0	0	0	0	0	0	0	0	0	0	0	0	0	0	0	0	0	0	0	0	0	0	0	0	0	0	0	0	0	0	392.88	235.73	0	0	157.15	0	0	0	0	0	0	0	0	0	0	0	0	0	0	0	0	0	0	0	0	0	32146.08	0	0	0	1	1	0	0	1	0	0	0	0	0	0	0	0	0	0	0	0	0	0	0	0	0	0	0	0	0	1	0	0	0	1	9422.65	5515.19	0	0	3907.46	0	0	0	0	0	0	0	0	0	0	0	0	0	0	0	0	0	0	0	0	0	32146.08	0	0	0	25	25	0	0	25	0	0	0	0	0	0	0	0	0	0	0	0	0	0	0	0	0	0	0	0	0	1	0	0	0	12	12	0	0	12	0	0	0	0	0	0	0	0	0	0	0	0	0	0	0	0	0	0	0	0	0	1	0	0	0	15-Aug-18	15-Aug-18			15-Aug-18																						30-Aug-18				1	0	0	0	0	0	0	0	0	0	0	0	0	0	0	0	0	0	0	0	0	0	0	0	0	0	0	0	N	N
78082	b'AQQDBwUHAQIDBw=='	b'Aw0KBwUBAAc='	1-Aug-18	39095709	3761	DC	403b	2	NQP	457(b) Governmental	19-Apr-89	11-May-09			TRF9	BALANCED	N	N	N	N	0	45	M	UK	17-Feb-03	17-Feb-03		N	FL	34787	17	Y	Y	Y	Y	Y	Y			0	0	0	0	0	N	N	7	0	0	7	0	0	0	0	129546.41	0	75251.11	18697.93	0	0	0	0	0	0	0	0	35597.37	0	0	0	0	35597.37	0	0	0	0	0	0	0	88566.51	5382.53	0	35597.37	0	75251.11	18697.93	0	0	0	129546.41	0	0	0	0	0	0	0	7	3	1	0	0	0	0	0	0	0	0	3	0	0	0	0	3	0	0	0	0	0	0	3	1	0	3	1	659.95	659.95	0	0	0	0	0	0	0	0	0	0	0	0	0	0	0	0	0	0	0	0	0	0	0	0	0	0	0	0	2	2	0	0	0	0	0	0	0	0	0	0	0	0	0	0	0	0	0	0	0	0	0	0	0	0	0	0	0	0	1	14024.82	14024.82	0	0	0	0	0	0	0	0	0	0	0	0	0	0	0	0	0	0	0	0	0	0	0	0	0	0	0	0	26	26	0	0	0	0	0	0	0	0	0	0	0	0	0	0	0	0	0	0	0	0	0	0	0	0	0	0	0	0	12	12	0	0	0	0	0	0	0	0	0	0	0	0	0	0	0	0	0	0	0	0	0	0	0	0	0	0	0	0	17-Aug-18	17-Aug-18																													1	37	12	12	0	0	4	2	0	1	0	0	6	0	0	0	0	6	0	0	0	0	0	0	24	6	0	6	N	N
91310	b'AQMFAgUABAICDA=='	b'BA0LBAEDBws='	1-Aug-18	9001843	303	DC	LR	2	DC	401k	1-Jul-91	1-Oct-91	27-Apr-07	31-Dec-99	TRF9	BALANCED	N	N	Y	N	35	38	U	UK	3-Jan-13	20-Dec-12	30-Mar-18	N	FL	33594	3713	Y	Y	Y	Y	Y	N			0	0	0	0	0	N	N	0	0	0	0	0	0	0	0	107664.24	0	0	107664.24	0	0	0	0	0	0	0	0	0	0	0	0	0	0	0	0	0	0	0	0	0	107664.24	0	0	0	0	0	0	0	0	107664.24	7089.53	69268.08	0	31306.63	0	0	0	0	1	0	1	0	0	0	0	0	0	0	0	0	0	0	0	0	0	0	0	0	0	0	0	1	0	0	0	1	0	0	0	0	0	0	0	0	0	0	0	0	0	0	0	0	0	0	0	0	0	0	0	0	0	0	0	0	0	0	0	0	0	0	0	0	0	0	0	0	0	0	0	0	0	0	0	0	0	0	0	0	0	0	0	0	0	0	0	0	0	12311.05	0	9302.45	0	3008.6	0	0	0	0	0	0	0	0	0	0	0	0	0	0	0	0	0	0	0	0	0	0	0	0	0	16	0	16	0	7	0	0	0	0	0	0	0	0	0	0	0	0	0	0	0	0	0	0	0	0	0	0	0	0	0	7	0	7	0	3	0	0	0	0	0	0	0	0	0	0	0	0	0	0	0	0	0	0	0	0	0	0	0	0	0	29-Mar-18		29-Mar-18		29-Mar-18																										1	24	5	12	0	0	1	1	0	1	0	0	3	0	1	0	0	4	0	0	0	0	0	0	15	4	0	4	Y	N
91369	b'AgQCBwcHCgcAAA=='	b'AgEAAQADBg=='	1-Aug-18	9001902	80	DC	MJ	2	DC	401(K)/PROFIT SHARING SOURCE	1-Sep-91		12-Sep-17	31-Dec-99	TRF9	BALANCED	N	N	N	Y	31	66	F	MA	1-Aug-93	27-Jul-07	9-Jul-04	N	NJ	8831	8740	Y	Y	Y	Y	Y	Y			0	0	0	0	0	N	N	0	0	0	0	0	0	0	0	0	0	0	0	0	0	0	0	0	0	0	0	0	0	0	0	0	0	0	0	0	0	0	0	0	0	0	0	0	0	0	0	0	0	0	0	0	0	0	0	0	0	0	0	0	0	0	0	0	0	0	0	0	0	0	0	0	0	0	0	0	0	0	0	0	0	0	0	0	0	0	0	0	0	0	0	0	0	0	0	0	0	0	0	0	0	0	0	0	0	0	0	0	0	0	0	0	0	0	0	0	0	0	0	0	0	0	0	0	0	0	0	0	0	0	0	0	0	0	0	0	0	0	0	0	0	0	0	0	0	0	0	0	0	0	0	0	0	0	0	0	0	0	0	0	0	0	0	0	0	0	0	0	0	0	0	0	0	0	0	0	0	0	0	0	0	0	0	0	0	0	0	0	0	0	0	0	0	0	0	0	0	0	0	0	0	0	0	0	0	0	0	0	0	0	0	0	0	0	0	0	0	0	0	0	0	0	0	0	0	0	0	0	0	0	0	0	0	0	0	0	0																															1	32	12	12	0	1	5	2	0	0	0	0	0	0	0	0	0	0	0	0	0	0	0	0	19	13	0	0	Y	N
92224	b'AQIHCggABws='	b'AgIAAgIEBwA='	1-Aug-18	9002747	661	DC	JB	2	DC	401k	1-Jan-80	24-Jul-95			TRF9	BALANCED	N	N	Y	N	35	57	M	UK	5-Jun-06	1-May-06	20-Apr-12	N	FL	32819	3856	Y	Y	Y	Y	Y	Y			0	0	0	0	0	N	N	0	0	0	0	0	0	0	0	319280.17	0	0	319280.17	0	0	0	0	0	0	0	0	0	0	0	0	0	0	0	0	0	0	0	0	0	319280.17	0	0	0	0	0	0	0	0	319280.17	169705.02	0	0	149575.15	0	0	0	0	1	0	1	0	0	0	0	0	0	0	0	0	0	0	0	0	0	0	0	0	0	0	0	1	0	0	0	1	0	0	0	0	0	0	0	0	0	0	0	0	0	0	0	0	0	0	0	0	0	0	0	0	0	0	0	0	0	0	0	0	0	0	0	0	0	0	0	0	0	0	0	0	0	0	0	0	0	0	0	0	0	0	0	0	0	0	0	0	0	0	0	0	0	0	0	0	0	0	0	0	0	0	0	0	0	0	0	0	0	0	0	0	0	0	0	0	0	0	0	0	0	0	0	0	0	0	0	0	0	0	0	0	0	0	0	0	0	0	0	0	0	0	0	0	0	0	0	0	0	0	0	0	0	0	0	0	0	0	0	0	0	0	0	0	0	0	0	0	0	0	0	0	0	0	0	0	0	0	0																															1	24	3	12	0	0	0	1	0	0	0	0	3	1	0	0	0	4	3	0	1	0	0	0	14	2	0	4	N	N
97432	b'BQMBBQMHAgU='	b'BQ0FCgUDBAY='	1-Aug-18	55998533	3971	DC	LR	2	DC	401k	16-May-97	13-May-14	6-Jun-14	31-Dec-99	TRF9	BALANCED	N	N	Y	N	0	33	U	MA	22-Jun-18	11-Jun-18		N	IL	60657	6132	Y	N	N	N	N	N			0	0	0	0	0	N	Y	5	0	0	5	0	0	0	0	2838.77	0	0	2838.77	0	0	0	0	0	0	0	0	0	0	0	0	0	0	0	0	0	0	0	0	0	2838.77	0	0	0	0	0	0	0	0	2838.77	2271	0	0	567.77	0	0	0	0	1	0	1	0	0	0	0	0	0	0	0	0	0	0	0	0	0	0	0	0	0	0	0	1	0	0	0	1	1875	1500	0	0	375	0	0	0	0	0	0	0	0	0	0	0	0	0	0	0	0	0	0	0	0	0	0	0	0	0	2	2	0	0	2	0	0	0	0	0	0	0	0	0	0	0	0	0	0	0	0	0	0	0	0	0	0	0	0	0	1	2812.5	2250	0	0	562.5	0	0	0	0	0	0	0	0	0	0	0	0	0	0	0	0	0	0	0	0	0	0	0	0	0	3	3	0	0	3	0	0	0	0	0	0	0	0	0	0	0	0	0	0	0	0	0	0	0	0	0	0	0	0	0	2	2	0	0	2	0	0	0	0	0	0	0	0	0	0	0	0	0	0	0	0	0	0	0	0	0	0	0	0	0	22-Aug-18	22-Aug-18			22-Aug-18																										1	22	5	12	0	0	2	1	0	1	1	0	0	0	0	0	0	0	0	0	0	0	0	0	19	1	0	0	Y	N
93958	b'AQcGAAYABQoEAA=='	b'BwQLBQENAQU='	1-Aug-18	21493921	2964	DC	LR	2	DC	401k	1-Nov-96	18-Jul-05			TRF9	BALANCED	N	N	Y	N	0	43	U	UK	22-Nov-17	27-Oct-16		N	NJ	8861	4548	Y	Y	Y	Y	Y	N			0	0	0	0	0	N	Y	4	0	0	4	0	0	0	0	383.69	0	0	0	0	0	0	0	0	383.69	0	0	0	0	0	0	0	0	0	0	0	0	0	0	0	0	0	0	0	0	0	0	0	0	0	255.78	0	0	127.91	0	0	0	0	1	0	0	0	0	0	0	0	1	0	0	0	0	0	0	0	0	0	0	0	0	0	0	0	0	0	0	1	57.08	38.05	0	0	19.03	0	0	0	0	0	0	0	0	0	0	0	0	0	0	0	0	0	0	0	0	0	0	0	0	0	4	4	0	0	4	0	0	0	0	0	0	0	0	0	0	0	0	0	0	0	0	0	0	0	0	0	0	0	0	0	1	380.91	253.93	0	0	126.98	0	0	0	0	0	0	0	0	0	0	0	0	0	0	0	0	0	0	0	0	0	0	0	0	0	21	20	0	0	20	0	0	0	0	0	0	0	0	0	0	0	0	0	0	0	0	0	0	0	0	0	0	0	0	0	5	5	0	0	5	0	0	0	0	0	0	0	0	0	0	0	0	0	0	0	0	0	0	0	0	0	0	0	0	0	28-Aug-18	28-Aug-18			28-Aug-18																										1	28	2	13	0	0	0	0	0	1	1	1	5	0	1	1	0	7	2	0	1	0	0	0	14	1	2	5	N	N
91080	b'AQwACgYAAQQHBw=='	b'AwwHBgUBCwo='	1-Aug-18	9001614	1512	DC	JB	2	DC	401(K)/ESOP	1-May-82	18-Aug-99	22-Oct-09	31-Dec-99	TRF9	BALANCED	N	Y	N	N	31	34	M	SN	15-Oct-08	11-Sep-08	8-Jul-09	N	WI	53225	2833	N	N	N	N	N	N			0	0	0	0	0	N	N	3	0	0	3	0	0	0	0	0	0	0	0	0	0	0	0	0	0	0	0	0	0	0	0	0	0	0	0	0	0	0	0	0	0	0	0	0	0	0	0	0	0	0	0	0	0	0	0	0	0	0	0	0	0	0	0	0	0	0	0	0	0	0	0	0	0	0	0	0	0	0	0	0	0	0	0	0	0	0	0	0	0	0	0	0	0	0	0	0	0	0	0	0	0	0	0	0	0	0	0	0	0	0	0	0	0	0	0	0	0	0	0	0	0	0	0	0	0	0	0	0	0	0	0	0	0	0	0	0	0	0	0	0	0	0	0	0	0	0	0	0	0	0	0	0	0	0	0	0	0	0	0	0	0	0	0	0	0	0	0	0	0	0	0	0	0	0	0	0	0	0	0	0	0	0	0	0	0	0	0	0	0	0	0	0	0	0	0	0	0	0	0	0	0	0	0	0	0	0	0	0	0	0	0	0	0	0	0	0	0	0	0	0	0	0	0	0	0	0	0	0	0	0	0	0	0	0	0	0	0																															1	23	2	12	0	0	1	1	0	0	1	1	1	0	1	0	0	2	2	0	1	0	0	0	12	4	0	2	Y	N
91439	b'AQIDBQUCBwsCDA=='	b'BgIBBwIDBgA='	1-Aug-18	9001972	312	DC	JB	2	DC	401k	30-Jun-84	1-Sep-92	27-Apr-07	31-Dec-99	TRF9	BALANCED	N	N	Y	Y	0	35	U	UK	17-Jun-16	16-May-16		N	CA	90680	2860	Y	Y	Y	Y	Y	N			0	0	0	0	0	N	Y	6	0	0	6	0	0	0	0	14154.11	0	0	14154.11	0	0	0	0	0	0	0	0	0	0	0	0	0	0	0	0	0	0	0	0	0	14154.11	0	0	0	0	0	0	0	0	14154.11	9154.66	0	0	4999.45	0	0	0	0	1	0	1	0	0	0	0	0	0	0	0	0	0	0	0	0	0	0	0	0	0	0	0	1	0	0	0	1	457.67	272.69	0	0	184.98	0	0	0	0	0	0	0	0	0	0	0	0	0	0	0	0	0	0	0	0	0	0	0	0	0	2	2	0	0	2	0	0	0	0	0	0	0	0	0	0	0	0	0	0	0	0	0	0	0	0	0	0	0	0	0	1	7868.24	3912.91	0	0	3955.33	0	0	0	0	0	0	0	0	0	0	0	0	0	0	0	0	0	0	0	0	0	0	0	0	0	27	26	0	0	27	0	0	0	0	0	0	0	0	0	0	0	0	0	0	0	0	0	0	0	0	0	0	0	0	0	12	12	0	0	12	0	0	0	0	0	0	0	0	0	0	0	0	0	0	0	0	0	0	0	0	0	0	0	0	0	24-Aug-18	24-Aug-18			24-Aug-18																										1	26	5	12	0	1	2	1	0	0	1	0	0	0	0	0	0	0	3	0	1	0	0	0	14	7	0	0	Y	N
91366	b'CAMBBQQABAc='	b'AgECCgkGCw=='	1-Aug-18	9001899	27	DC	JB	2	DC	401k	30-Sep-91	9-Dec-91	19-Jul-07	31-Dec-99	TRF9	BALANCED	N	N	Y	N	31	87	M	UK	1-Jul-84	1-Sep-48	28-Feb-93	N	TX	77880	6215	N	N	N	N	N	N			0	0	0	0	0	N	N									0	0	0	0	0	0	0	0	0	0	0	0	0	0	0	0	0	0	0	0	0	0	0	0	0	0	0	0	0	0	0	0	0	0	0	0	0	0	0	0	0	0	0	0	0	0	0	0	0	0	0	0	0	0	0	0	0	0	0	0	0	0	0	0	0	0	0	0	0	0	0	0	0	0	0	0	0	0	0	0	0	0	0	0	0	0	0	0	0	0	0	0	0	0	0	0	0	0	0	0	0	0	0	0	0	0	0	0	0	0	0	0	0	0	0	0	0	0	0	0	0	0	0	0	0	0	0	0	0	0	0	0	0	0	0	0	0	0	0	0	0	0	0	0	0	0	0	0	0	0	0	0	0	0	0	0	0	0	0	0	0	0	0	0	0	0	0	0	0	0	0	0	0	0	0	0	0	0	0	0	0	0	0	0	0	0	0	0	0	0	0	0	0	0	0	0	0	0	0	0	0	0	0	0	0	0	0	0	0	0	0	0	0	0	0	0	0	0	0	0	0	0																															1	30	10	12	0	1	1	1	0	0	2	1	0	0	0	0	0	0	1	0	1	0	0	0	19	6	0	0	Y	N
90518	b'AQIBBQAMBAYBAg=='	b'AgAFCgkNBgM='	1-Aug-18	9001066	33	DC	JB	2	DC	401k	6-Jan-86		4-Nov-11	31-Dec-99	TRF9	BALANCED	N	N	N	N	0	57	F	MA	18-Aug-16	1-Oct-15		N	WV	26588	9769	Y	N	N	N	N	N			0	0	0	0	0	N	N	2	0	0	2	0	0	0	0	7369.32	0	0	7369.32	0	0	0	0	0	0	0	0	0	0	0	0	0	0	0	0	0	0	0	0	0	7369.32	0	0	0	0	0	0	0	0	7369.32	2701.74	0	0	4667.58	0	0	0	0	1	0	1	0	0	0	0	0	0	0	0	0	0	0	0	0	0	0	0	0	0	0	0	1	0	0	0	1	196.32	98.16	0	0	98.16	0	0	0	0	0	0	0	0	0	0	0	0	0	0	0	0	0	0	0	0	0	0	0	0	0	2	2	0	0	2	0	0	0	0	0	0	0	0	0	0	0	0	0	0	0	0	0	0	0	0	0	0	0	0	0	1	3515.79	1252.98	0	0	2262.81	0	0	0	0	0	0	0	0	0	0	0	0	0	0	0	0	0	0	0	0	0	0	0	0	0	27	26	0	0	27	0	0	0	0	0	0	0	0	0	0	0	0	0	0	0	0	0	0	0	0	0	0	0	0	0	12	12	0	0	12	0	0	0	0	0	0	0	0	0	0	0	0	0	0	0	0	0	0	0	0	0	0	0	0	0	17-Aug-18	17-Aug-18			17-Aug-18																										1	31	3	12	0	0	1	2	0	0	2	0	6	0	2	0	0	8	2	0	1	0	0	0	14	4	0	8	Y	N
91080	b'AQAECgcEBQEIBg=='	b'BQQCBgEABgY='	1-Aug-18	9001614	1512	DC	JB	2	DC	401(K)/ESOP	1-May-82	18-Aug-99	22-Oct-09	31-Dec-99	TRF9	BALANCED	N	Y	N	N	31	44	U	UK	1-Aug-06	22-May-06	15-Jul-09	N	NE	68025		N	N	N	N	N	N			0	0	0	0	0	N	N	0	0	0	0	0	0	0	0	0	0	0	0	0	0	0	0	0	0	0	0	0	0	0	0	0	0	0	0	0	0	0	0	0	0	0	0	0	0	0	0	0	0	0	0	0	0	0	0	0	0	0	0	0	0	0	0	0	0	0	0	0	0	0	0	0	0	0	0	0	0	0	0	0	0	0	0	0	0	0	0	0	0	0	0	0	0	0	0	0	0	0	0	0	0	0	0	0	0	0	0	0	0	0	0	0	0	0	0	0	0	0	0	0	0	0	0	0	0	0	0	0	0	0	0	0	0	0	0	0	0	0	0	0	0	0	0	0	0	0	0	0	0	0	0	0	0	0	0	0	0	0	0	0	0	0	0	0	0	0	0	0	0	0	0	0	0	0	0	0	0	0	0	0	0	0	0	0	0	0	0	0	0	0	0	0	0	0	0	0	0	0	0	0	0	0	0	0	0	0	0	0	0	0	0	0	0	0	0	0	0	0	0	0	0	0	0	0	0	0	0	0	0	0	0	0	0	0	0	0	0																															1	23	2	12	0	0	1	1	0	0	1	1	1	0	1	0	0	2	2	0	1	0	0	0	12	4	0	2	Y	N
93849	b'BwEDBQkACgcE'	b'AgQEBAMEBQQ='	1-Aug-18	11823356	2837	DC	JB	2	DC	401k	1-Jan-83	20-Dec-04	22-Dec-04	31-Dec-99	TRF9	BALANCED	Y	N	Y	N	0	52	F	SN	17-Mar-03	17-Mar-03		N	MS	39208	6224	Y	Y	Y	N	N	Y			1	0	0	0	0	N	N	6	0	0	6	0	0	0	0	35330.66	13584.74	0	20544.59	0	0	0	0	0	7390.04	0	0	0	0	7396.03	0	0	7396.03	0	0	0	0	0	0	0	20544.59	0	0	7396.03	0	0	0	0	0	20544.59	2513.51	0	0	32817.15	0	0	0	0	3	0	1	0	0	0	0	0	1	0	0	0	0	1	0	0	1	0	0	0	0	0	0	1	0	0	1	1	216.97	137.04	0	0	79.93	0	0	0	0	0	0	0	0	0	225.24	0	0	0	0	0	0	0	0	0	0	0	0	0	0	0	3	3	0	0	3	0	0	0	0	0	0	0	0	0	3	0	0	0	0	0	0	0	0	0	0	0	0	0	0	0	1	6377.34	1883.89	0	0	4493.45	0	0	0	0	0	0	0	0	13943.7	6178.41	0	0	0	1849.89	0	0	0	0	0	0	0	0	0	0	0	26	25	0	0	26	0	0	0	0	0	0	0	0	1	48	0	0	0	1	0	0	0	0	0	0	0	0	0	0	0	7	6	0	0	7	0	0	0	0	0	0	0	0	1	12	0	0	0	1	0	0	0	0	0	0	0	0	0	0	0	24-Aug-18	24-Aug-18			24-Aug-18									21-Jun-18	24-Aug-18				23-Jan-18												1	32	4	12	0	0	1	1	0	1	0	0	8	0	1	0	0	9	0	0	0	0	0	4	16	2	0	9	Y	N
91107	b'BA0FBwMABAIA'	b'BAEGAwQCAQI='	1-Aug-18	9001641	374	DC	LR	2	DC	401k	1-Aug-86		29-Dec-09	31-Dec-99	TRF9	BALANCED	N	N	Y	N	0	48	M	UK	2-May-11	25-Apr-11		N	TN	37311	6790	Y	Y	Y	Y	Y	N			0	0	0	0	0	N	Y	5	6	0	11	0	0	0	0	73323	0	67849.66	0	0	0	5473.34	0	0	0	0	0	0	0	0	0	0	0	0	0	0	0	0	0	0	17920.16	55402.84	0	0	0	60876.18	12446.82	0	0	0	29592.52	5129	0	38601.48	0	0	0	0	5	4	0	0	0	1	0	0	0	0	0	0	0	0	0	0	0	0	0	0	0	0	0	2	3	0	0	1	771.29	200.04	240.05	0	331.2	0	0	0	0	0	0	0	0	0	0	0	0	0	0	0	0	0	0	0	0	0	0	0	0	0	2	2	2	0	2	0	0	0	0	0	0	0	0	0	0	0	0	0	0	0	0	0	0	0	0	0	0	0	0	0	1	8474.41	2025.19	2790.69	0	3658.53	0	0	0	0	0	0	0	0	0	0	0	0	0	0	0	0	0	0	0	0	0	0	0	0	0	23	23	23	0	23	0	0	0	0	0	0	0	0	0	0	0	0	0	0	0	0	0	0	0	0	0	0	0	0	0	11	11	11	0	11	0	0	0	0	0	0	0	0	0	0	0	0	0	0	0	0	0	0	0	0	0	0	0	0	0	20-Aug-18	20-Aug-18	20-Aug-18		20-Aug-18																										1	25	8	12	0	1	2	1	0	1	0	0	0	0	0	0	0	0	0	0	0	0	0	0	19	5	0	0	Y	N
90047	b'BQwKAAgMBgoC'	b'BAAKAQENAgA='	1-Aug-18	9000622	848	DC	LR	2	DC	401k	1-Sep-79	21-Feb-97	14-Apr-08	31-Dec-99	TRF9	BALANCED	Y	Y	N	N	31	37	M	UK	14-Mar-11	17-Jan-11	13-Jan-14	N	ID	83537	7019	Y	N	N	N	N	N			0	0	0	0	0	N	N	0	0	0	0	0	0	0	0	0	0	0	0	0	0	0	0	0	0	0	0	0	0	0	0	0	0	0	0	0	0	0	0	0	0	0	0	0	0	0	0	0	0	0	0	0	0	0	0	0	0	0	0	0	0	0	0	0	0	0	0	0	0	0	0	0	0	0	0	0	0	0	0	0	0	0	0	0	0	0	0	0	0	0	0	0	0	0	0	0	0	0	0	0	0	0	0	0	0	0	0	0	0	0	0	0	0	0	0	0	0	0	0	0	0	0	0	0	0	0	0	0	0	0	0	0	0	0	0	0	0	0	0	0	0	0	0	0	0	0	0	0	0	0	0	0	0	0	0	0	0	0	0	0	0	0	0	0	0	0	0	0	0	0	0	0	0	0	0	0	0	0	0	0	0	0	0	0	0	0	0	0	0	0	0	0	0	0	0	0	0	0	0	0	0	0	0	0	0	0	0	0	0	0	0	0	0	0	0	0	0	0	0	0	0	0	0	0	0	0	0	0	0	0	0	0	0	0	0	0	0																															1	30	8	12	0	1	2	1	0	1	0	0	4	0	1	0	0	5	0	0	0	0	0	0	16	8	0	5	Y	N
93111	b'CQwHAgkAAwcH'	b'BwUEBAQGAQE='	1-Aug-18	9003329	242	DC	JB	2	DC	401k		24-Mar-98	27-Sep-07	31-Dec-99	TRF9	BALANCED	Y	Y	N	N	35	41	M	UK	6-Jan-17	6-Dec-16	18-Jan-17	N	VA	22901	2550	N	N	N	N	N	N			0	0	0	0	0	N	N	0	0	0	0	0	0	0	0	0	0	0	0	0	0	0	0	0	0	0	0	0	0	0	0	0	0	0	0	0	0	0	0	0	0	0	0	0	0	0	0	0	0	0	0	0	0	0	0	0	0	0	0	0	0	0	0	0	0	0	0	0	0	0	0	0	0	0	0	0	0	0	0	0	0	0	0	0	0	0	0	0	0	0	0	0	0	0	0	0	0	0	0	0	0	0	0	0	0	0	0	0	0	0	0	0	0	0	0	0	0	0	0	0	0	0	0	0	0	0	0	0	0	0	0	0	0	0	0	0	0	0	0	0	0	0	0	0	0	0	0	3.05	0	0	0	3.05	0	0	0	0	0	0	0	0	0	0	0	0	0	0	0	0	0	0	0	0	0	0	0	0	0	1	0	0	0	1	0	0	0	0	0	0	0	0	0	0	0	0	0	0	0	0	0	0	0	0	0	0	0	0	0	1	0	0	0	1	0	0	0	0	0	0	0	0	0	0	0	0	0	0	0	0	0	0	0	0	0	0	0	0	0	25-May-18				25-May-18																										1	27	4	13	0	1	1	1	0	1	1	0	0	0	1	0	0	1	3	0	1	0	0	0	13	7	0	1	Y	N
90535	b'AQMCAAAMAwMABA=='	b'BwEBBgECAgI='	1-Aug-18	9001083	45	DC	JB	2	DC	401k	1-Jul-86				TRF9	BALANCED	N	N	Y	N	0	24	U	MA	3-Jan-18	17-Jul-17		N	WA	98055	5097	Y	Y	Y	Y	Y	N			0	0	0	0	0	N	N	6	0	0	6	0	0	0	0	2105.76	0	0	2105.76	0	0	0	0	0	0	0	0	0	0	0	0	0	0	0	0	0	0	0	0	0	2105.76	0	0	0	0	0	0	0	0	2105.76	840.74	0	0	1265.02	0	0	0	0	1	0	1	0	0	0	0	0	0	0	0	0	0	0	0	0	0	0	0	0	0	0	0	1	0	0	0	1	363.37	155.73	0	0	207.64	0	0	0	0	0	0	0	0	0	0	0	0	0	0	0	0	0	0	0	0	0	0	0	0	0	2	2	0	0	2	0	0	0	0	0	0	0	0	0	0	0	0	0	0	0	0	0	0	0	0	0	0	0	0	0	1	1888.05	751.55	0	0	1136.5	0	0	0	0	0	0	0	0	0	0	0	0	0	0	0	0	0	0	0	0	0	0	0	0	0	20	10	0	0	19	0	0	0	0	0	0	0	0	0	0	0	0	0	0	0	0	0	0	0	0	0	0	0	0	0	9	6	0	0	8	0	0	0	0	0	0	0	0	0	0	0	0	0	0	0	0	0	0	0	0	0	0	0	0	0	17-Aug-18	17-Aug-18			17-Aug-18																										1	23	4	12	0	1	1	1	0	0	0	0	1	0	2	0	0	3	1	0	0	0	0	0	13	6	0	3	N	N
91189	b'AQIHBAYEAQQFDQ=='	b'AQMDAwcNBQ=='	1-Aug-18	9001723	197	DC	MJ	2	DC	401k	1-Apr-84	11-Dec-92	2-Sep-10	31-Dec-99	TRF9	BALANCED	N	Y	N	N	31	64	M	UK	1-Apr-83	13-Dec-82	3-Dec-04	N	CA	93612	741	Y	N	N	N	N	Y			0	0	0	0	0	N	N									0	0	0	0	0	0	0	0	0	0	0	0	0	0	0	0	0	0	0	0	0	0	0	0	0	0	0	0	0	0	0	0	0	0	0	0	0	0	0	0	0	0	0	0	0	0	0	0	0	0	0	0	0	0	0	0	0	0	0	0	0	0	0	0	0	0	0	0	0	0	0	0	0	0	0	0	0	0	0	0	0	0	0	0	0	0	0	0	0	0	0	0	0	0	0	0	0	0	0	0	0	0	0	0	0	0	0	0	0	0	0	0	0	0	0	0	0	0	0	0	0	0	0	0	0	0	0	0	0	0	0	0	0	0	0	0	0	0	0	0	0	0	0	0	0	0	0	0	0	0	0	0	0	0	0	0	0	0	0	0	0	0	0	0	0	0	0	0	0	0	0	0	0	0	0	0	0	0	0	0	0	0	0	0	0	0	0	0	0	0	0	0	0	0	0	0	0	0	0	0	0	0	0	0	0	0	0	0	0	0	0	0	0	0	0	0	0	0	0	0	0	0																															1	24	7	12	0	1	0	1	0	0	0	0	0	1	1	1	0	3	0	0	0	0	0	0	15	6	0	3	Y	N
91439	b'BA0ACwUCCgQG'	b'AgcBAwMCCgU='	1-Aug-18	9001972	312	DC	JB	2	DC	401k	30-Jun-84	1-Sep-92	27-Apr-07	31-Dec-99	TRF9	BALANCED	N	N	Y	Y	0	53	F	UK	30-Dec-02	30-Dec-02		N	NH	3077	2451	Y	Y	Y	N	N	Y			1	0	0	0	0	N	Y	16	0	0	16	0	0	0	0	178689.77	880.75	0	148903.61	0	0	0	7.36	0	0	29778.8	0	0	0	0	0	0	0	0	0	0	0	0	0	0	148903.61	7.36	0	0	0	7.36	0	0	0	148903.61	117362.56	0	0	61327.21	0	0	0	0	3	0	1	0	0	0	1	0	0	1	0	0	0	0	0	0	0	0	0	0	0	0	0	1	1	0	0	1	904.58	723.66	0	0	180.92	0	0	0	0	0	0	0	0	0	170.82	0	0	0	0	0	0	0	0	0	0	0	0	0	0	0	2	2	0	0	2	0	0	0	0	0	0	0	0	0	2	0	0	0	0	0	0	0	0	0	0	0	0	0	0	0	1	13795.25	10222.81	0	0	3572.44	0	0	0	0	0	0	0	0	0	2835.5	0	0	0	0	0	0	0	0	0	0	0	0	0	0	0	27	26	0	0	27	0	0	0	0	0	0	0	0	0	26	0	0	0	0	0	0	0	0	0	0	0	0	0	0	0	12	12	0	0	12	0	0	0	0	0	0	0	0	0	12	0	0	0	0	0	0	0	0	0	0	0	0	0	0	0	24-Aug-18	24-Aug-18			24-Aug-18										24-Aug-18																1	26	5	12	0	1	2	1	0	0	1	0	0	0	0	0	0	0	3	0	1	0	0	0	14	7	0	0	Y	N
91282	b'AQQKBAAABAIHAg=='	b'AQUECwEGCgs='	1-Aug-18	9001815	27	DC	JB	2	DC	401k	1-Jul-90	31-Jul-90	19-Jul-07	31-Dec-99	TRF9	BALANCED	N	N	N	N	0	43	M	SN	1-Feb-05	2-Jan-04		N	KS	66712		Y	Y	Y	Y	Y	N			0	0	0	0	0	N	Y	11	0	0	11	0	0	0	0	144218.47	0	37189.86	82012.51	0	6764.42	6213.39	0	0	0	0	0	0	0	0	0	0	0	0	0	0	12038.29	0	0	0	95678.68	36501.5	0	0	0	36501.5	6213.39	7452.78	0	82012.51	122959.57	0	0	0	21258.9	0	0	0	8	4	1	0	1	1	0	0	0	0	0	0	0	0	0	0	0	0	0	1	0	0	0	3	4	0	0	1	676.45	676.45	0	0	0	0	0	0	0	0	0	0	0	0	0	0	0	0	0	0	0	0	0	0	0	0	0	0	0	0	2	2	0	0	0	0	0	0	0	0	0	0	0	0	0	0	0	0	0	0	0	0	0	0	0	0	0	0	0	0	1	6625.98	6625.98	0	0	0	0	0	0	0	0	0	0	0	0	0	0	0	0	0	0	0	0	0	0	0	0	0	0	0	0	24	24	0	0	0	0	0	0	0	0	0	0	0	0	0	0	0	0	0	0	0	0	0	0	0	0	0	0	0	0	12	12	0	0	0	0	0	0	0	0	0	0	0	0	0	0	0	0	0	0	0	0	0	0	0	0	0	0	0	0	24-Aug-18	24-Aug-18																													1	29	10	12	0	1	1	1	0	0	1	1	0	0	0	0	0	0	1	0	1	0	0	0	19	6	0	0	Y	N
90041	b'BgwDBAUAAgAE'	b'AQUCBwcF'	1-Aug-18	9000616	862	DC	JB	2	DC	401k	1-Jan-81	19-Feb-97	30-Jun-14	31-Dec-99	TRF9	BALANCED	N	N	N	N	31	67	M	MA	31-Dec-95	1-Mar-76	31-May-12	N	NJ	7095	2212	Y	Y	Y	Y	Y	Y			0	0	0	0	0	N	N	0	0	0	0	0	0	0	0	0	0	0	0	0	0	0	0	0	0	0	0	0	0	0	0	0	0	0	0	0	0	0	0	0	0	0	0	0	0	0	0	0	0	0	0	0	0	0	0	0	0	0	0	0	0	0	0	0	0	0	0	0	0	0	0	0	0	0	0	0	0	0	0	0	0	0	0	0	0	0	0	0	0	0	0	0	0	0	0	0	0	0	0	0	0	0	0	0	0	0	0	0	0	0	0	0	0	0	0	0	0	0	0	0	0	0	0	0	0	0	0	0	0	0	0	0	0	0	0	0	0	0	0	0	0	0	0	0	0	0	0	0	0	0	0	0	0	0	0	0	0	0	0	0	0	0	0	0	0	0	0	0	0	0	0	0	0	0	0	0	0	0	0	0	0	0	0	0	0	0	0	0	0	0	0	0	0	0	0	0	0	0	0	0	0	0	0	0	0	0	0	0	0	0	0	0	0	0	0	0	0	0	0	0	0	0	0	0	0	0	0	0	0	0	0	0	0	0	0	0	0																															1	25	2	12	0	0	0	1	0	0	1	1	2	0	2	0	0	4	3	0	1	0	0	0	12	3	0	4	Y	N
91101	b'AQYACgQDAwA='	b'Bw0GBAQFBAE='	1-Aug-18	9001635	281	DC	LR	2	DC	401k	1-Oct-87				TRF9	BALANCED	N	N	N	N	0	27	U	UK	14-Jun-18	8-Jan-18		N	CA	91403	3708	Y	Y	Y	Y	Y	N			0	0	0	0	0	Y	Y	3	0	0	3	0	0	0	0	1273.59	0	0	1273.59	0	0	0	0	0	0	0	0	0	0	0	0	0	0	0	0	0	0	0	0	0	1273.59	0	0	0	0	0	0	0	0	1273.59	1273.59	0	0	0	0	0	0	0	1	0	1	0	0	0	0	0	0	0	0	0	0	0	0	0	0	0	0	0	0	0	0	1	0	0	0	1	475	475	0	0	0	0	0	0	0	0	0	0	0	0	0	0	0	0	0	0	0	0	0	0	0	0	0	0	0	0	1	1	0	0	0	0	0	0	0	0	0	0	0	0	0	0	0	0	0	0	0	0	0	0	0	0	0	0	0	0	1	1266.67	1266.67	0	0	0	0	0	0	0	0	0	0	0	0	0	0	0	0	0	0	0	0	0	0	0	0	0	0	0	0	2	2	0	0	0	0	0	0	0	0	0	0	0	0	0	0	0	0	0	0	0	0	0	0	0	0	0	0	0	0	2	2	0	0	0	0	0	0	0	0	0	0	0	0	0	0	0	0	0	0	0	0	0	0	0	0	0	0	0	0	24-Aug-18	24-Aug-18																													1	39	11	12	0	1	2	1	0	0	0	0	8	0	3	0	0	11	0	0	0	0	0	1	18	9	0	11	N	N
90578	b'BAEEAQEMCgII'	b'AgcEBwUFBwQ='	1-Aug-18	9001125	467	DC	403b	2	DC	403(B)(7)	1-Jan-83				TRF9	BALANCED	N	N	N	N	0	44	F	UK	12-Apr-17	1-Jan-14		N	PA	19119	3110	Y	Y	Y	Y	Y	N			0	0	0	0	0	N	N									14429.76	0	7233.35	7196.41	0	0	0	0	0	0	0	0	0	0	0	0	0	0	0	0	0	0	0	0	0	10779.33	3650.43	0	0	7233.35	0	7196.41	0	0	0	7196.41	0	0	7233.35	0	0	0	0	3	2	1	0	0	0	0	0	0	0	0	0	0	0	0	0	0	0	0	0	0	0	0	2	1	0	0	1	816.66	408.33	0	0	408.33	0	0	0	0	0	0	0	0	0	0	0	0	0	0	0	0	0	0	0	0	0	0	0	0	0	1	1	0	0	1	0	0	0	0	0	0	0	0	0	0	0	0	0	0	0	0	0	0	0	0	0	0	0	0	0	1	9560.52	4780.26	0	0	4780.26	0	0	0	0	0	0	0	0	0	0	0	0	0	0	0	0	0	0	0	0	0	0	0	0	0	12	12	0	0	12	0	0	0	0	0	0	0	0	0	0	0	0	0	0	0	0	0	0	0	0	0	0	0	0	0	12	12	0	0	12	0	0	0	0	0	0	0	0	0	0	0	0	0	0	0	0	0	0	0	0	0	0	0	0	0	30-Aug-18	30-Aug-18			30-Aug-18																										1	48	24	12	0	2	9	1	0	0	0	0	0	0	0	0	0	0	0	0	0	0	0	0	27	21	0	0	N	N
90535	b'AgQCAwIBAQQBDQ=='	b'BQECAgYDBwU='	1-Aug-18	9001083	45	DC	JB	2	DC	401k	1-Jul-86				TRF9	BALANCED	N	N	Y	N	0	49	M	MA	1-Mar-14	18-Nov-13		N	CO	80234	1791	Y	Y	Y	Y	Y	Y			0	0	0	0	0	N	N	17	0	0	17	0	0	0	0	172557.24	0	80597.36	72105.07	0	0	0	0	0	0	0	0	0	0	19854.81	0	0	19854.81	0	0	0	0	0	0	0	152702.43	0	0	19854.81	0	0	80597.36	0	0	72105.07	66674.7	0	0	16029.43	89853.11	0	0	0	3	1	1	0	0	0	0	0	0	0	0	0	0	1	0	0	1	0	0	0	0	0	0	2	0	0	1	1	1169.76	935.8	0	0	233.96	0	0	0	0	0	0	0	0	0	0	0	0	0	0	0	0	0	0	0	0	0	0	0	0	0	2	2	0	0	2	0	0	0	0	0	0	0	0	0	0	0	0	0	0	0	0	0	0	0	0	0	0	0	0	0	1	18452.11	14692.83	0	0	3759.28	0	0	0	0	0	0	18721.06	18721.06	0	0	0	0	0	0	0	0	0	0	0	0	0	0	0	0	0	26	26	0	0	26	0	0	0	0	0	0	1	1	0	0	0	0	0	0	0	0	0	0	0	0	0	0	0	0	0	12	12	0	0	12	0	0	0	0	0	0	1	1	0	0	0	0	0	0	0	0	0	0	0	0	0	0	0	0	0	17-Aug-18	17-Aug-18			17-Aug-18							16-Jan-18	16-Jan-18																		1	23	4	12	0	1	1	1	0	0	0	0	1	0	2	0	0	3	1	0	0	0	0	0	13	6	0	3	N	N
91080	b'AQYCBQkCBgUG'	b'AgEAAQQHCgI='	1-Aug-18	9001614	1512	DC	JB	2	DC	401(K)/ESOP	1-May-82	18-Aug-99	22-Oct-09	31-Dec-99	TRF9	BALANCED	N	Y	N	N	31	78	F	UK	1-Feb-87	29-Mar-65	6-Nov-06	N	MN	55437	1516	N	N	N	N	N	N			0	0	0	0	0	N	N									0	0	0	0	0	0	0	0	0	0	0	0	0	0	0	0	0	0	0	0	0	0	0	0	0	0	0	0	0	0	0	0	0	0	0	0	0	0	0	0	0	0	0	0	0	0	0	0	0	0	0	0	0	0	0	0	0	0	0	0	0	0	0	0	0	0	0	0	0	0	0	0	0	0	0	0	0	0	0	0	0	0	0	0	0	0	0	0	0	0	0	0	0	0	0	0	0	0	0	0	0	0	0	0	0	0	0	0	0	0	0	0	0	0	0	0	0	0	0	0	0	0	0	0	0	0	0	0	0	0	0	0	0	0	0	0	0	0	0	0	0	0	0	0	0	0	0	0	0	0	0	0	0	0	0	0	0	0	0	0	0	0	0	0	0	0	0	0	0	0	0	0	0	0	0	0	0	0	0	0	0	0	0	0	0	0	0	0	0	0	0	0	0	0	0	0	0	0	0	0	0	0	0	0	0	0	0	0	0	0	0	0	0	0	0	0	0	0	0	0	0	0																															1	23	2	12	0	0	1	1	0	0	1	1	1	0	1	0	0	2	2	0	1	0	0	0	12	4	0	2	Y	N
90834	b'AQwLAwUNBAcFBw=='	b'BgUCAggNAwY='	1-Aug-18	9001374	954	DC	LR	2	DC	401k	24-Feb-89	4-Apr-97			TRF9	BALANCED	N	Y	N	N	0	38	M	SN	12-Aug-15	8-Jun-15		N	TX	76706	4515	Y	Y	Y	Y	Y	N			0	0	0	0	0	N	Y	5	0	0	5	0	0	0	0	10402.31	0	0	10402.31	0	0	0	0	0	0	0	0	0	0	0	0	0	0	0	0	0	0	0	0	0	10402.31	0	0	0	0	0	0	0	0	10402.31	7466.9	0	0	2935.41	0	0	0	0	1	0	1	0	0	0	0	0	0	0	0	0	0	0	0	0	0	0	0	0	0	0	0	1	0	0	0	1	416.14	277.42	0	0	138.72	0	0	0	0	0	0	0	0	0	0	0	0	0	0	0	0	0	0	0	0	0	0	0	0	0	2	2	0	0	2	0	0	0	0	0	0	0	0	0	0	0	0	0	0	0	0	0	0	0	0	0	0	0	0	0	1	4700.06	3133.33	0	0	1566.73	0	0	0	0	0	0	0	0	0	0	0	0	0	0	0	0	0	0	0	0	0	0	0	0	0	26	26	0	0	26	0	0	0	0	0	0	0	0	0	0	0	0	0	0	0	0	0	0	0	0	0	0	0	0	0	12	12	0	0	12	0	0	0	0	0	0	0	0	0	0	0	0	0	0	0	0	0	0	0	0	0	0	0	0	0	21-Aug-18	21-Aug-18			21-Aug-18																										1	25	8	12	0	1	1	1	0	1	0	0	0	0	0	1	0	1	0	0	0	0	0	0	16	7	0	1	N	N
94129	b'CQYFBgAHAgI='	b'BgUEBgEHAAc='	1-Aug-18	60021692	2487	DC	LR	2	DC	401k	1-Aug-02	5-Aug-15			TRF9	BALANCED	N	Y	N	N	0	30	U	UK	30-May-14	3-Feb-14		N	NY	11225	1862	Y	Y	Y	Y	Y	N			0	0	0	0	0	N	Y	7	0	0	7	0	0	0	0	24231.25	0	0	24231.25	0	0	0	0	0	0	0	0	0	0	0	0	0	0	0	0	0	0	0	0	0	24231.25	0	0	0	0	0	0	0	0	24231.25	18198.25	0	0	6033	0	0	0	0	1	0	1	0	0	0	0	0	0	0	0	0	0	0	0	0	0	0	0	0	0	0	0	1	0	0	0	1	525	525	0	0	0	0	0	0	0	0	0	0	0	0	0	0	0	0	0	0	0	0	0	0	0	0	0	0	0	0	2	2	0	0	0	0	0	0	0	0	0	0	0	0	0	0	0	0	0	0	0	0	0	0	0	0	0	0	0	0	1	8406.25	5910	0	0	2496.25	0	0	0	0	0	0	0	0	0	0	0	0	0	0	0	0	0	0	0	0	0	0	0	0	0	25	24	0	0	1	0	0	0	0	0	0	0	0	0	0	0	0	0	0	0	0	0	0	0	0	0	0	0	0	0	12	12	0	0	1	0	0	0	0	0	0	0	0	0	0	0	0	0	0	0	0	0	0	0	0	0	0	0	0	0	23-Aug-18	23-Aug-18			26-Mar-18																										1	30	6	12	0	1	2	1	0	1	1	0	5	0	1	0	0	6	0	0	0	0	0	0	16	6	1	5	N	N
91439	b'AgQCAgYDAQsDBg=='	b'AgwKBwkMCg=='	1-Aug-18	9001972	312	DC	JB	2	DC	401k	30-Jun-84	1-Sep-92	27-Apr-07	31-Dec-99	TRF9	BALANCED	N	N	Y	Y	0	55	F	UK	1-Jan-85	1-May-00		N	CA	91307	3631	Y	Y	Y	Y	Y	Y			0	0	0	0	0	N	N	3	0	0	3	0	0	0	0	128208.82	0	0	42386.55	0	0	0	53106.03	0	0	32716.24	0	0	0	0	0	0	0	0	0	0	0	0	0	0	42386.55	53106.03	0	0	0	53106.03	0	0	0	42386.55	43681.15	0	0	84527.67	0	0	0	0	3	0	1	0	0	0	1	0	0	1	0	0	0	0	0	0	0	0	0	0	0	0	0	1	1	0	0	1	469.18	234.59	0	0	234.59	0	0	0	0	0	0	0	0	0	0	0	0	0	0	0	0	0	0	0	0	0	0	0	0	0	2	2	0	0	2	0	0	0	0	0	0	0	0	0	0	0	0	0	0	0	0	0	0	0	0	0	0	0	0	0	1	6167.67	2583.46	0	0	3584.21	0	0	0	0	20821.14	20821.14	0	0	0	212.8	0	0	0	311.7	0	0	0	0	0	0	0	0	0	0	0	28	26	0	0	28	0	0	0	0	1	1	0	0	0	1	0	0	0	4	0	0	0	0	0	0	0	0	0	0	0	12	12	0	0	12	0	0	0	0	1	1	0	0	0	1	0	0	0	4	0	0	0	0	0	0	0	0	0	0	0	24-Aug-18	24-Aug-18			24-Aug-18					17-Jan-18	17-Jan-18				8-Sep-17				25-Jun-18												1	26	5	12	0	1	2	1	0	0	1	0	0	0	0	0	0	0	3	0	1	0	0	0	14	7	0	0	Y	N
90310	b'AQYLAAMMBAYFAg=='	b'AwIABwkHBwc='	1-Aug-18	9000872	1742	DC	JB	2	DC	401k	1-Jan-86	18-Nov-99	10-Jun-05	31-Dec-99	OTHR	BALANCED	N	Y	N	N	0	50	M	UK	16-Aug-10	23-Feb-09		N	CA	90034	1446	Y	Y	Y	Y	Y	N			1	0	0	0	0	N	Y	12	0	0	12	0	0	0	0	28848.3	6057.68	0	0	0	0	0	0	0	0	0	28848.3	0	0	0	0	0	0	0	0	0	0	0	0	0	0	0	0	0	0	0	0	0	0	0	23404.5	0	0	5443.8	0	0	0	0	1	0	0	0	0	0	0	0	0	0	1	0	0	0	0	0	0	0	0	0	0	0	0	0	0	0	0	1	541.72	490.61	0	0	51.11	0	0	0	0	0	0	0	0	0	128.5	0	0	0	0	0	0	0	0	0	0	0	0	0	0	0	2	2	0	0	2	0	0	0	0	0	0	0	0	0	2	0	0	0	0	0	0	0	0	0	0	0	0	0	0	0	1	7689.15	6499.13	0	0	1190.02	0	0	0	0	0	0	0	0	6500	578.25	0	0	0	0	0	0	0	0	0	0	0	0	0	0	0	28	27	0	0	28	0	0	0	0	0	0	0	0	1	9	0	0	0	0	0	0	0	0	0	0	0	0	0	0	0	12	12	0	0	12	0	0	0	0	0	0	0	0	1	4	0	0	0	0	0	0	0	0	0	0	0	0	0	0	0	21-Aug-18	21-Aug-18			21-Aug-18									3-Apr-18	21-Aug-18																1	24	4	0	1	2	1	0	0	0	0	1	3	10	0	0	0	13	1	0	1	0	0	0	4	4	0	13	Y	N
90789	b'AQILAQYACwAIDA=='	b'BQMLBQYECgY='	1-Aug-18	9001330	357	DC	403b	3	DC	403(B)(7)	1-Jan-81				TRF9	BALANCED	N	N	N	Y	31	35	F	SN	3-Sep-14	3-Sep-13		N	MD	21204	4734	Y	N	N	N	N	N			0	0	0	0	0	N	N									0	0	0	0	0	0	0	0	0	0	0	0	0	0	0	0	0	0	0	0	0	0	0	0	0	0	0	0	0	0	0	0	0	0	0	0	0	0	0	0	0	0	0	0	0	0	0	0	0	0	0	0	0	0	0	0	0	0	0	0	0	0	0	0	0	0	0	0	0	0	0	0	0	0	0	0	0	0	0	0	0	0	0	0	0	0	0	0	0	0	0	0	0	0	0	0	0	0	0	0	0	0	0	0	0	0	0	0	0	0	0	0	0	0	0	0	0	0	0	0	0	0	0	0	0	0	0	0	0	0	0	0	0	0	0	0	0	0	0	0	0	0	0	0	0	0	0	0	0	0	0	0	0	0	0	0	0	0	7022.03	0	0	0	0	0	0	0	0	0	0	0	0	0	0	0	0	0	0	0	0	0	0	0	0	0	0	0	0	0	1	0	0	0	0	0	0	0	0	0	0	0	0	0	0	0	0	0	0	0	0	0	0	0	0	0	0	0	0	0	1	0	0	0																											8-May-18				1	0	0	0	0	0	0	0	0	0	0	0	0	0	0	0	0	0	0	0	0	0	0	0	0	0	0	0	N	N
91080	b'AQACAwAHAgcC'	b'BQQGBwYEBwM='	1-Aug-18	9001614	1512	DC	JB	2	DC	401(K)/ESOP	1-May-82	18-Aug-99	22-Oct-09	31-Dec-99	TRF9	BALANCED	N	Y	N	N	35	43	F	MA	4-Mar-13	19-Feb-13	21-Jun-14	N	TN	38017		Y	Y	Y	N	N	N			0	0	0	0	0	N	N	0	0	0	0	0	0	0	0	7766.82	0	0	6476.55	0	0	0	0	0	0	1290.27	0	0	0	0	0	0	0	0	0	0	0	0	0	0	6476.55	0	0	0	0	0	0	0	0	6476.55	6476.55	0	0	1290.27	0	0	0	0	2	0	1	0	0	0	0	0	0	1	0	0	0	0	0	0	0	0	0	0	0	0	0	1	0	0	0	1	0	0	0	0	0	0	0	0	0	0	0	0	0	0	0	0	0	0	0	0	0	0	0	0	0	0	0	0	0	0	0	0	0	0	0	0	0	0	0	0	0	0	0	0	0	0	0	0	0	0	0	0	0	0	0	0	0	0	0	0	0	0	0	0	0	0	0	0	0	0	0	0	0	0	0	0	0	0	0	0	0	0	0	0	0	0	0	0	0	0	0	0	0	0	0	0	0	0	0	0	0	0	0	0	0	0	0	0	0	0	0	0	0	0	0	0	0	0	0	0	0	0	0	0	0	0	0	0	0	0	0	0	0	0	0	0	0	0	0	0	0	0	0	0	0	0	0	0	0	0	0																															1	23	2	12	0	0	1	1	0	0	1	1	1	0	1	0	0	2	2	0	1	0	0	0	12	4	0	2	Y	N
93238	b'CAcLBwMGAQMF'	b'BQcBBwQHBgI='	1-Aug-18	11401608	2763	DC	JB	2	DC	401k	1-Nov-86	13-Sep-04	16-Sep-13	31-Dec-99	TRF9	BALANCED	N	N	N	N	0	26	M	MA	7-Oct-13	7-Oct-13		N	VA	20191	4905	Y	Y	Y	Y	Y	Y			1	0	0	0	0	N	Y	3	0	0	3	0	0	0	0	25923.88	4216.41	5293.73	0.04	0	6879.24	0	0	0	0	0	0	0	0	0	0	0	0	0	13750.87	0	0	0	0	0	5293.77	6879.24	0	0	0	6879.24	0	5293.73	0	0.04	21992.58	0	0	3931.3	0	0	0	0	7	2	1	0	1	0	0	0	0	0	0	0	0	0	0	0	0	3	0	0	0	0	0	3	1	0	0	1	168.78	168.78	0	0	0	0	0	0	0	0	0	0	0	0	95.44	0	0	0	0	0	0	0	0	0	0	0	0	0	0	0	2	2	0	0	0	0	0	0	0	0	0	0	0	0	2	0	0	0	0	0	0	0	0	0	0	0	0	0	0	0	1	5634.28	4473.03	0	0	1161.25	0	0	0	0	0	0	2457.84	2457.84	0	1240.72	0	0	0	0	0	0	0	0	0	0	0	0	0	0	0	26	26	0	0	1	0	0	0	0	0	0	1	1	0	26	0	0	0	0	0	0	0	0	0	0	0	0	0	0	0	12	12	0	0	1	0	0	0	0	0	0	1	1	0	12	0	0	0	0	0	0	0	0	0	0	0	0	0	0	0	24-Aug-18	24-Aug-18			29-Jun-18							8-Dec-17	8-Dec-17		24-Aug-18																1	50	16	11	0	4	3	1	0	1	0	0	7	1	2	0	0	10	3	0	1	0	0	0	24	11	0	10	Y	N
90518	b'AQABCgcFCwMFBg=='	b'BAIHBAUGBQQ='	1-Aug-18	9001066	33	DC	JB	2	DC	401k	6-Jan-86		4-Nov-11	31-Dec-99	TRF9	BALANCED	N	N	N	N	31	30	M	SN	1-Nov-11	17-Oct-11	14-Nov-14	N	PA	17842	9405	Y	N	N	N	N	N			0	0	0	0	0	N	N	0	0	0	0	0	0	0	0	0	0	0	0	0	0	0	0	0	0	0	0	0	0	0	0	0	0	0	0	0	0	0	0	0	0	0	0	0	0	0	0	0	0	0	0	0	0	0	0	0	0	0	0	0	0	0	0	0	0	0	0	0	0	0	0	0	0	0	0	0	0	0	0	0	0	0	0	0	0	0	0	0	0	0	0	0	0	0	0	0	0	0	0	0	0	0	0	0	0	0	0	0	0	0	0	0	0	0	0	0	0	0	0	0	0	0	0	0	0	0	0	0	0	0	0	0	0	0	0	0	0	0	0	0	0	0	0	0	0	0	0	0	0	0	0	0	0	0	0	0	0	0	0	0	0	0	0	0	0	0	0	0	0	0	0	0	0	0	0	0	0	0	0	0	0	0	0	0	0	0	0	0	0	0	0	0	0	0	0	0	0	0	0	0	0	0	0	0	0	0	0	0	0	0	0	0	0	0	0	0	0	0	0	0	0	0	0	0	0	0	0	0	0	0	0	0	0	0	0	0	0																															1	31	3	12	0	0	1	2	0	0	2	0	6	0	2	0	0	8	2	0	1	0	0	0	14	4	0	8	Y	N
94163	b'BQEABwYDBAE='	b'BgMCAAQMBQM='	1-Aug-18	65339168	4171	DC	JB	2	DC	401k	1-Jan-89	15-Jul-16			527	BALANCED	N	N	N	N	0	32	U	SN	1-Jun-16	1-Jun-16		N	NY	11360	2427	N	N	N	N	N	N			0	0	0	0	0	N	N									6541.59	0	0	0	0	6541.59	0	0	0	0	0	0	0	0	0	0	0	0	0	0	0	0	0	0	0	0	6541.59	0	0	0	6541.59	0	0	0	0	0	0	0	6541.59	0	0	0	0	1	0	0	0	1	0	0	0	0	0	0	0	0	0	0	0	0	0	0	0	0	0	0	0	1	0	0	1	50	0	0	0	50	0	0	0	0	0	0	0	0	0	0	0	0	0	0	0	0	0	0	0	0	0	0	0	0	0	1	0	0	0	1	0	0	0	0	0	0	0	0	0	0	0	0	0	0	0	0	0	0	0	0	0	0	0	0	0	1	520	0	0	0	520	0	0	0	0	0	0	0	0	0	0	0	0	0	0	0	0	0	0	0	0	0	0	0	0	0	12	0	0	0	12	0	0	0	0	0	0	0	0	0	0	0	0	0	0	0	0	0	0	0	0	0	0	0	0	0	12	0	0	0	12	0	0	0	0	0	0	0	0	0	0	0	0	0	0	0	0	0	0	0	0	0	0	0	0	0	15-Aug-18				15-Aug-18																										1	18	6	0	1	2	1	1	0	0	0	0	5	0	2	0	0	7	0	0	0	0	0	0	8	3	0	7	N	N
90895	b'AQABBgUFBwcEAA=='	b'BwYEAgkDBAY='	1-Aug-18	9001434	2163	DC	JB	2	DC	401k	21-Jun-83	20-Feb-01			TRF9	BALANCED	Y	N	Y	N	31	22	U	UK	23-Feb-17	23-Jan-17	31-Jul-17	N	PA	17356	1959	Y	N	N	N	N	N			0	0	0	0	0	N	N	0	0	0	0	0	0	0	0	0	0	0	0	0	0	0	0	0	0	0	0	0	0	0	0	0	0	0	0	0	0	0	0	0	0	0	0	0	0	0	0	0	0	0	0	0	0	0	0	0	0	0	0	0	0	0	0	0	0	0	0	0	0	0	0	0	0	0	0	0	0	0	0	0	0	0	0	0	0	0	0	0	0	0	0	0	0	0	0	0	0	0	0	0	0	0	0	0	0	0	0	0	0	0	0	0	0	0	0	0	0	0	0	0	0	0	0	0	0	0	0	0	0	0	0	0	0	0	0	0	0	0	0	0	0	0	0	0	0	0	0	0	0	0	0	0	0	0	0	0	0	0	0	0	0	0	0	422.54	422.54	0	0	0	0	0	0	0	0	0	0	0	0	0	0	0	0	0	0	0	0	0	0	0	0	0	0	0	0	1	1	0	0	0	0	0	0	0	0	0	0	0	0	0	0	0	0	0	0	0	0	0	0	0	0	0	0	0	0	1	1	0	0	0	0	0	0	0	0	0	0	0	0																	26-Oct-17	26-Oct-17													1	24	4	12	0	0	1	1	0	0	1	0	4	0	1	0	0	5	0	0	0	0	0	0	16	2	0	5	N	N
92902	b'AQ0CCgQMAwcEDA=='	b'BwwDCwAAAwM='	1-Aug-18	75810240	4308	DC	LR	2	DC	401k	1-Jan-87	9-Jan-18	21-Feb-18	31-Dec-99	OTHR	BALANCED	N	N	Y	Y	35	58	U	UK	28-May-85	28-May-85	14-Oct-17	N	FL	34222	4248	N	N	N	N	N	N			0	0	0	0	0	N	N	0	0	0	0	0	0	0	0	95304.82	0	0	0	0	0	0	0	0	0	0	0	0	95304.82	0	0	0	95304.82	0	0	0	0	0	0	0	0	0	0	95304.82	0	0	0	0	0	0	25025.11	0	0	70279.71	0	0	0	0	1	0	0	0	0	0	0	0	0	0	0	0	1	0	0	0	1	0	0	0	0	0	0	0	0	0	1	1	0	0	0	0	0	0	0	0	0	0	0	0	0	0	0	0	0	0	0	0	0	0	0	0	0	0	0	0	0	0	0	0	0	0	0	0	0	0	0	0	0	0	0	0	0	0	0	0	0	0	0	0	0	0	0	0	0	0	0	0	0	0	0	0	0	0	0	0	0	0	0	0	92951.86	92951.86	0	0	0	0	0	0	0	0	94068.08	0	0	0	0	0	0	0	0	0	0	0	0	0	0	0	0	0	0	0	1	1	0	0	0	0	0	0	0	0	6	0	0	0	0	0	0	0	0	0	0	0	0	0	0	0	0	0	0	0	1	1	0	0	0	0	0	0	0	0	4	0	0	0	0	0	0	0	0												3-Jul-18	3-Jul-18									24-Jul-18									1	31	4	0	0	2	1	1	0	0	0	0	8	13	1	1	0	23	0	0	0	0	0	0	6	2	0	23	Y	N
90061	b'AwMFCgYHAAID'	b'AwcFCgEGBwE='	1-Aug-18	9000636	894	DC	LR	2	DC	401(K)/PROFIT SHARING SOURCE	1-Jan-98	15-Apr-97	5-Jan-07	31-Dec-99	TRF9	BALANCED	N	N	N	N	35	38	M	MA	25-Jun-07	2-Feb-12	4-Jul-14	N	NC	27519	7320	Y	Y	Y	Y	Y	N			0	0	0	0	0	N	N	0	0	0	0	0	0	0	0	0	0	0	0	0	0	0	0	0	0	0	0	0	0	0	0	0	0	0	0	0	0	0	0	0	0	0	0	0	0	0	0	0	0	0	0	0	0	0	0	0	0	0	0	0	0	0	0	0	0	0	0	0	0	0	0	0	0	0	0	0	0	0	0	0	0	0	0	0	0	0	0	0	0	0	0	0	0	0	0	0	0	0	0	0	0	0	0	0	0	0	0	0	0	0	0	0	0	0	0	0	0	0	0	0	0	0	0	0	0	0	0	0	0	0	0	0	0	0	0	0	0	0	0	0	0	0	0	0	0	0	0	0	0	0	0	0	0	0	0	0	0	0	0	0	0	0	0	0	0	0	0	0	0	0	0	0	0	0	0	0	0	0	0	0	0	0	0	0	0	0	0	0	0	0	0	0	0	0	0	0	0	0	0	0	0	0	0	0	0	0	0	0	0	0	0	0	0	0	0	0	0	0	0	0	0	0	0	0	0	0	0	0	0	0	0	0	0	0	0	0	0																															1	37	9	13	0	1	1	1	0	1	1	0	4	0	4	0	0	8	1	0	1	0	0	0	18	7	0	8	Y	N
90535	b'AQALAgECBAMGBg=='	b'Bw0HAAcDBwc='	1-Aug-18	9001083	45	DC	JB	2	DC	401k	1-Jul-86				TRF9	BALANCED	N	N	Y	N	0	25	M	MA	28-May-18	27-Feb-18		N	AZ	85035	2448	Y	Y	Y	Y	Y	N			0	0	0	0	0	N	N	6	0	0	6	0	0	0	0	1269.16	0	0	1269.16	0	0	0	0	0	0	0	0	0	0	0	0	0	0	0	0	0	0	0	0	0	1269.16	0	0	0	0	0	0	0	0	1269.16	543.97	0	0	725.19	0	0	0	0	1	0	1	0	0	0	0	0	0	0	0	0	0	0	0	0	0	0	0	0	0	0	0	1	0	0	0	1	343.98	147.42	0	0	196.56	0	0	0	0	0	0	0	0	0	0	0	0	0	0	0	0	0	0	0	0	0	0	0	0	0	2	2	0	0	2	0	0	0	0	0	0	0	0	0	0	0	0	0	0	0	0	0	0	0	0	0	0	0	0	0	1	1057.82	453.35	0	0	604.47	0	0	0	0	0	0	0	0	0	0	0	0	0	0	0	0	0	0	0	0	0	0	0	0	0	6	6	0	0	6	0	0	0	0	0	0	0	0	0	0	0	0	0	0	0	0	0	0	0	0	0	0	0	0	0	3	3	0	0	3	0	0	0	0	0	0	0	0	0	0	0	0	0	0	0	0	0	0	0	0	0	0	0	0	0	17-Aug-18	17-Aug-18			17-Aug-18																										1	23	4	12	0	1	1	1	0	0	0	0	1	0	2	0	0	3	1	0	0	0	0	0	13	6	0	3	N	N
90310	b'AQMLBAkBAwUEBw=='	b'BAUEBAcAAwQ='	1-Aug-18	9000872	1742	DC	JB	2	DC	401k	1-Jan-86	18-Nov-99	10-Jun-05	31-Dec-99	OTHR	BALANCED	N	Y	N	N	0	52	M	UK	18-Mar-11	30-Nov-09		N	CA	95822	5126	Y	N	N	Y	Y	Y			0	0	0	0	0	N	N	10	0	0	10	0	0	0	0	46111.87	0	0	0	0	0	0	0	0	0	0	0	0	46111.87	0	0	0	46111.87	0	0	0	0	0	0	0	0	0	0	46111.87	0	0	0	0	0	0	38945.68	0	0	7166.19	0	0	0	0	1	0	0	0	0	0	0	0	0	0	0	0	1	0	0	0	1	0	0	0	0	0	0	0	0	0	1	1	423.59	376.52	0	0	47.07	0	0	0	0	0	0	0	0	0	0	0	0	0	0	0	0	0	0	0	0	0	0	0	0	0	2	2	0	0	2	0	0	0	0	0	0	0	0	0	0	0	0	0	0	0	0	0	0	0	0	0	0	0	0	0	1	6165.71	5069.6	0	0	1096.11	0	0	0	0	0	0	0	0	0	0	0	0	0	0	0	0	0	0	0	0	0	0	0	0	0	27	26	0	0	27	0	0	0	0	0	0	0	0	0	0	0	0	0	0	0	0	0	0	0	0	0	0	0	0	0	12	12	0	0	12	0	0	0	0	0	0	0	0	0	0	0	0	0	0	0	0	0	0	0	0	0	0	0	0	0	28-Aug-18	28-Aug-18			28-Aug-18																										1	24	4	0	1	2	1	0	0	0	0	1	3	10	0	0	0	13	1	0	1	0	0	0	4	4	0	13	Y	N
91282	b'BwwLCgAMAAYI'	b'CQEHAwcCBA=='	1-Aug-18	9001815	27	DC	JB	2	DC	401k	1-Jul-90	31-Jul-90	19-Jul-07	31-Dec-99	TRF9	BALANCED	N	N	N	N	0	59	M	MA	18-Aug-05	1-May-84		N	NM	87305	3470	Y	Y	Y	N	N	N	3-Oct-07	31-Dec-99	0	0	0	0	0	N	N	8	0	0	8	0	0	0	0	95905.11	0	27420.13	25610.23	0	15136.03	0	0	0	0	0	0	0	0	0	0	0	0	0	12614.82	0	15123.9	0	0	0	37561.81	30604.58	0	0	0	30604.58	3595.95	8355.63	0	25610.23	95905.11	0	0	0	0	0	0	0	7	3	1	0	1	0	0	0	0	0	0	0	0	0	0	0	0	1	0	1	0	0	0	3	2	0	0	1	472.4	472.4	0	0	0	0	0	0	0	0	0	0	0	0	0	0	0	0	0	0	0	0	0	0	0	0	0	0	0	0	2	2	0	0	0	0	0	0	0	0	0	0	0	0	0	0	0	0	0	0	0	0	0	0	0	0	0	0	0	0	1	5143.71	5143.71	0	0	0	0	0	0	0	3871.36	3871.36	0	0	0	0	0	0	0	0	0	0	0	0	0	0	0	0	0	0	0	24	24	0	0	0	0	0	0	0	2	2	0	0	0	0	0	0	0	0	0	0	0	0	0	0	0	0	0	0	0	12	12	0	0	0	0	0	0	0	2	2	0	0	0	0	0	0	0	0	0	0	0	0	0	0	0	0	0	0	0	24-Aug-18	24-Aug-18								6-Jul-18	6-Jul-18																				1	29	10	12	0	1	1	1	0	0	1	1	0	0	0	0	0	0	1	0	1	0	0	0	19	6	0	0	Y	Y
90705	b'AQcFAgEEAQoIBw=='	b'CQIDAwgH'	1-Aug-18	9001246	849	DC	LR	2	DC	401(K)/ESOP	1-Oct-88	28-Aug-98	1-Apr-10	31-Dec-99	TRF9	BALANCED	N	N	Y	Y	20	67	M	UK	1-Apr-94	15-Nov-76	2-Apr-02	N	XX			Y	Y	Y	N	N	Y			0	0	0	0	0	N	N									457510.69	0	67591.23	50300.42	0	0	0	0	0	0	194074.53	0	145544.51	0	0	0	0	145544.51	0	0	0	0	0	0	0	117891.65	0	0	145544.51	0	0	117891.65	0	0	0	237126.85	0	26309.31	194074.53	0	0	0	0	4	1	1	0	0	0	0	0	0	1	0	1	0	0	0	0	1	0	0	0	0	0	0	2	0	0	1	1	0	0	0	0	0	0	0	0	0	0	0	0	0	0	0	2500	0	0	0	0	0	0	0	0	0	0	0	0	0	17.54	0	0	0	0	0	0	0	0	0	0	0	0	0	0	0	1	0	0	0	0	0	0	0	0	0	0	0	0	0	1	1	0	0	0	0	0	0	0	0	0	0	0	0	0	0	0	30000	0	0	0	0	0	0	0	0	0	0	0	0	0	214.55	0	0	0	0	0	0	0	0	0	0	0	0	0	0	0	12	0	0	0	0	0	0	0	0	0	0	0	0	0	12	0	0	0	0	0	0	0	0	0	0	0	0	0	0	0	12	0	0	0	0	0	0	0	0	0	0	0	0	0	11																9-Aug-18														10-Aug-18	1	23	3	12	0	0	1	1	0	1	1	0	3	1	0	0	0	4	0	0	0	0	0	0	15	2	0	4	Y	N
91189	b'CAIKCwkABgQ='	b'BQ0EAgYGCws='	1-Aug-18	9001723	197	DC	MJ	2	DC	401k	1-Apr-84	11-Dec-92	2-Sep-10	31-Dec-99	TRF9	BALANCED	N	Y	N	N	35	37	U	UK	17-Apr-15	12-Jan-15	8-Dec-15	N	TX	78414	4162	Y	Y	Y	Y	Y	N			0	0	0	0	0	N	N	0	0	0	0	0	0	0	0	263.54	0	0	263.54	0	0	0	0	0	0	0	0	0	0	0	0	0	0	0	0	0	0	0	0	0	263.54	0	0	0	0	0	263.54	0	0	0	197.67	0	0	65.87	0	0	0	0	1	0	1	0	0	0	0	0	0	0	0	0	0	0	0	0	0	0	0	0	0	0	0	1	0	0	0	1	0	0	0	0	0	0	0	0	0	0	0	0	0	0	0	0	0	0	0	0	0	0	0	0	0	0	0	0	0	0	0	0	0	0	0	0	0	0	0	0	0	0	0	0	0	0	0	0	0	0	0	0	0	0	0	0	0	0	0	0	0	0	0	0	0	0	0	0	0	0	0	0	0	0	0	0	0	0	0	0	0	0	0	0	0	0	0	0	0	0	0	0	0	0	0	0	0	0	0	0	0	0	0	0	0	0	0	0	0	0	0	0	0	0	0	0	0	0	0	0	0	0	0	0	0	0	0	0	0	0	0	0	0	0	0	0	0	0	0	0	0	0	0	0	0	0	0	0	0	0	0																															1	24	7	12	0	1	0	1	0	0	0	0	0	1	1	1	0	3	0	0	0	0	0	0	15	6	0	3	Y	N
90809	b'AwILBwgCBAcH'	b'BQUHBggCBwY='	1-Aug-18	9001349	1110	DC	LR	2	DC	401k	1-Aug-96	1-Aug-96	1-Sep-06	31-Dec-99	TRF9	BALANCED	Y	Y	N	N	0	52	U	UK	27-Jul-13	22-Jul-13		N	PA	19125	3410	Y	Y	Y	Y	Y	Y	12-Jan-14	31-Dec-99	1	0	0	0	0	N	Y	8	0	0	8	0	0	0	0	27953.7	11725.37	17470.96	0	0	10482.74	0	0	0	0	0	0	0	0	0	0	0	0	0	0	0	0	0	0	0	15969.32	11984.38	0	0	27953.7	0	0	0	0	0	13402.24	0	0	14551.46	0	0	0	0	5	3	0	0	2	0	0	0	0	0	0	0	0	0	0	0	0	0	0	0	0	0	0	2	3	0	0	1	1193.51	658.49	0	0	535.02	0	0	0	0	0	0	0	0	0	246	0	0	0	0	0	0	0	0	0	0	0	0	0	0	0	2	2	0	0	2	0	0	0	0	0	0	0	0	0	2	0	0	0	0	0	0	0	0	0	0	0	0	0	0	0	1	9191.91	4894.87	0	0	4297.04	0	0	0	0	9175.68	9175.68	0	0	14050	2952	0	0	0	0	0	0	0	0	0	0	0	0	0	0	0	26	26	0	0	26	0	0	0	0	3	3	0	0	1	24	0	0	0	0	0	0	0	0	0	0	0	0	0	0	0	12	12	0	0	12	0	0	0	0	3	3	0	0	1	11	0	0	0	0	0	0	0	0	0	0	0	0	0	0	0	24-Aug-18	24-Aug-18			24-Aug-18					6-Jul-18	6-Jul-18			26-Sep-17	24-Aug-18																1	30	9	12	0	3	3	1	0	1	0	0	0	0	1	0	0	1	0	0	0	0	0	0	19	9	0	1	Y	Y
91080	b'AQcKAwYBCgYF'	b'AQAFBgYEBA=='	1-Aug-18	9001614	1512	DC	JB	2	DC	401(K)/ESOP	1-May-82	18-Aug-99	22-Oct-09	31-Dec-99	TRF9	BALANCED	N	Y	N	N	0	58	F	MA	1-Aug-84	12-May-80		N	MN	55357	2111	Y	Y	Y	Y	Y	Y			0	0	0	0	0	Y	N	4	0	0	4	0	0	0	0	898613.53	0	183851.55	0	0	0	0	0	0	0	565149.13	48369.6	0	0	101243.25	0	0	101243.25	0	0	0	0	0	0	0	0	183851.55	0	101243.25	0	183851.55	0	0	0	0	252424.9	0	0	646188.63	0	0	0	0	4	1	0	0	0	0	0	0	0	1	1	0	0	1	0	0	1	0	0	0	0	0	0	0	1	0	1	1	445	445	0	0	0	0	0	0	0	0	0	0	0	0	0	0	0	0	0	0	0	0	0	0	0	0	0	0	0	0	3	3	0	0	0	0	0	0	0	0	0	0	0	0	0	0	0	0	0	0	0	0	0	0	0	0	0	0	0	0	1	12476.12	6715.74	0	0	5760.38	0	0	0	0	0	0	0	0	0	0	0	0	0	0	0	0	0	0	0	0	0	0	0	0	0	29	26	0	0	5	0	0	0	0	0	0	0	0	0	0	0	0	0	0	0	0	0	0	0	0	0	0	0	0	0	12	12	0	0	5	0	0	0	0	0	0	0	0	0	0	0	0	0	0	0	0	0	0	0	0	0	0	0	0	0	30-Aug-18	30-Aug-18			27-Jul-18																										1	23	2	12	0	0	1	1	0	0	1	1	1	0	1	0	0	2	2	0	1	0	0	0	12	4	0	2	Y	N
90092	b'BQcBAQYGCgcC'	b'AQUGBAEEAQo='	1-Aug-18	9000667	854	DC	SL	2	DC	401k	1-Jan-90	16-Dec-96			TRF9	BALANCED	N	N	Y	Y	32	54	M	UK	10-May-04	10-May-04	8-Dec-06	N	OR	97229	6090	Y	N	Y	Y	N	Y			0	0	0	0	0	N	N	0	0	0	0	0	0	0	0	41816.88	0	41816.88	0	0	0	0	0	0	0	0	0	0	0	0	0	0	0	0	0	0	0	0	0	0	15398.58	26418.3	0	0	5188.18	29233.42	7395.28	0	0	0	22288.92	0	0	7482.52	12045.44	0	0	0	6	6	0	0	0	0	0	0	0	0	0	0	0	0	0	0	0	0	0	0	0	0	0	2	4	0	0	1	0	0	0	0	0	0	0	0	0	0	0	0	0	0	0	0	0	0	0	0	0	0	0	0	0	0	0	0	0	0	0	0	0	0	0	0	0	0	0	0	0	0	0	0	0	0	0	0	0	0	0	0	0	0	0	0	0	0	0	0	1	0	0	0	0	0	0	0	0	0	0	0	0	0	0	0	0	0	0	0	0	0	0	0	0	0	0	0	0	0	0	0	0	0	0	0	0	0	0	0	0	0	0	0	0	0	0	0	0	0	0	0	0	0	0	0	0	0	0	0	0	0	0	0	0	0	0	0	0	0	0	0	0	0	0	0	0	0	0	0	0	0	0	0	0	0	0	0	0	0	0																															1	25	8	12	0	1	1	1	0	1	0	0	0	0	1	0	0	1	0	0	0	0	0	0	16	7	0	1	N	N
90744	b'AQMABAQMAgIABA=='	b'AgABCgkDCwU='	1-Aug-18	9001285	261	DC	LR	2	DC	401k	1-Jan-85		31-Dec-10	31-Dec-99	TRF9	BALANCED	N	Y	N	Y	35	34	M	UK	22-May-06	17-Jan-05	1-May-15	N	PA	19348	1629	Y	Y	Y	Y	Y	Y			0	0	0	0	0	N	N	0	0	0	0	0	0	0	0	233434.72	0	46925.48	73110.15	0	42861	0	0	0	0.44	0	0	70537.65	0	0	0	0	70537.65	0	0	0	0	0	0	0	109374.87	53521.76	0	70537.65	0	89786.48	0	0	0	73110.15	108286.18	0	0	125148.54	0	0	0	0	6	2	1	0	1	0	0	0	1	0	0	1	0	0	0	0	1	0	0	0	0	0	0	2	2	0	1	1	0	0	0	0	0	0	0	0	0	0	0	0	0	0	0	0	0	0	0	0	0	0	0	0	0	0	0	0	0	0	0	0	0	0	0	0	0	0	0	0	0	0	0	0	0	0	0	0	0	0	0	0	0	0	0	0	0	0	0	0	0	0	0	0	0	0	0	0	0	0	0	0	218188.84	218188.84	0	0	0	0	0	0	0	0	0	0	0	0	0	0	0	0	0	0	0	0	0	0	0	0	0	0	0	0	1	1	0	0	0	0	0	0	0	0	0	0	0	0	0	0	0	0	0	0	0	0	0	0	0	0	0	0	0	0	1	1	0	0	0	0	0	0	0	0	0	0	0	0	0	0	0	0	0												29-Sep-17	29-Sep-17																		1	32	8	12	0	1	1	1	0	1	0	0	6	0	2	0	0	8	0	0	0	0	0	0	18	5	0	8	Y	N
90310	b'AwAEAAkHBAMD'	b'AgICAQgCAQQ='	1-Aug-18	9000872	1742	DC	JB	2	DC	401k	1-Jan-86	18-Nov-99	10-Jun-05	31-Dec-99	OTHR	BALANCED	N	Y	N	N	0	37	U	UK	23-Dec-06	10-Oct-00		N	CA	94590	3077	Y	Y	Y	Y	Y	Y			1	0	0	0	0	N	Y	17	0	0	17	0	0	0	0	42274.55	18840.71	0	0	0	0	0	0	0	0	0	0	0	42274.55	0	0	0	42274.55	0	0	0	0	0	0	0	0	0	0	42274.55	0	0	0	0	0	0	30984.83	0	0	11289.72	0	0	0	0	1	0	0	0	0	0	0	0	0	0	0	0	1	0	0	0	1	0	0	0	0	0	0	0	0	0	1	1	1073.47	999.94	0	0	73.53	0	0	0	0	0	0	0	0	0	442.72	0	0	0	0	0	0	0	0	0	0	0	0	0	0	0	2	2	0	0	2	0	0	0	0	0	0	0	0	0	2	0	0	0	0	0	0	0	0	0	0	0	0	0	0	0	1	12115.3	10532.01	0	0	1583.29	0	0	0	0	0	0	0	0	22657	10320.65	0	0	0	5793.06	0	0	0	0	0	0	0	0	0	0	0	27	26	0	0	27	0	0	0	0	0	0	0	0	1	25	0	0	0	1	0	0	0	0	0	0	0	0	0	0	0	12	12	0	0	12	0	0	0	0	0	0	0	0	1	12	0	0	0	1	0	0	0	0	0	0	0	0	0	0	0	28-Aug-18	28-Aug-18			28-Aug-18									28-Sep-17	28-Aug-18				6-Sep-17												1	24	4	0	1	2	1	0	0	0	0	1	3	10	0	0	0	13	1	0	1	0	0	0	4	4	0	13	Y	N
93926	b'AQYEAAYACgAJBA=='	b'BQ0FAgEDAwI='	1-Aug-18	20296087	2846	DC	JB	2	DC	401(K)/PROFIT SHARING SOURCE	1-Jan-99	24-Jan-05	4-Feb-05	31-Dec-99	TRF9	BALANCED	N	Y	N	N	35	44	U	SN	30-Jan-15	26-Jan-15	24-Mar-17	N	MI	48108	8938	Y	Y	Y	Y	Y	N			0	0	0	0	0	N	N	0	0	0	0	0	0	0	0	41415.26	0	0	41415.26	0	0	0	0	0	0	0	0	0	0	0	0	0	0	0	0	0	0	0	0	0	41415.26	0	0	0	0	0	0	0	0	41415.26	27610.16	0	0	13805.1	0	0	0	0	1	0	1	0	0	0	0	0	0	0	0	0	0	0	0	0	0	0	0	0	0	0	0	1	0	0	0	1	0	0	0	0	0	0	0	0	0	0	0	0	0	0	0	0	0	0	0	0	0	0	0	0	0	0	0	0	0	0	0	0	0	0	0	0	0	0	0	0	0	0	0	0	0	0	0	0	0	0	0	0	0	0	0	0	0	0	0	0	0	0	0	0	0	0	0	0	0	0	41880.96	41880.96	0	0	0	0	0	0	0	0	0	0	0	0	0	0	0	0	0	0	0	0	0	0	0	0	0	0	0	0	1	1	0	0	0	0	0	0	0	0	0	0	0	0	0	0	0	0	0	0	0	0	0	0	0	0	0	0	0	0	1	1	0	0	0	0	0	0	0	0	0	0	0	0	0	0	0	0	0	0	0										30-Jan-18	30-Jan-18																				1	31	4	12	0	1	1	1	0	1	0	0	7	0	1	0	0	8	2	0	1	0	0	0	17	2	0	8	Y	N
90232	b'BQYDCwcBBAcF'	b'AwEFBQgNBgY='	1-Aug-18	9000798	2263	DC	LR	2	DC	401k	1-Aug-01		13-Oct-11	31-Dec-99	TRF9	BALANCED	N	N	Y	N	31	47	M	UK	16-Sep-04	16-Sep-04	14-Sep-17	N	TN	37660	2148	Y	N	N	N	N	N			0	0	0	0	0	N	N	0	0	0	0	0	0	0	0	0	0	0	0	0	0	0	0	0	0	0	0	0	0	0	0	0	0	0	0	0	0	0	0	0	0	0	0	0	0	0	0	0	0	0	0	0	0	0	0	0	0	0	0	0	0	0	0	0	0	0	0	0	0	0	0	0	0	0	0	0	0	0	0	0	0	0	0	0	0	0	0	0	0	0	0	0	0	0	0	0	0	0	0	0	0	0	0	0	0	0	0	0	0	0	0	0	0	0	0	0	0	0	0	0	0	0	0	0	0	0	0	0	0	0	0	0	0	0	0	0	0	0	0	0	0	0	0	0	0	0	0	839.58	376.55	0	0	463.03	0	0	0	0	0	0	0	0	0	215.36	0	0	67517.23	0	0	0	0	0	0	0	0	0	0	0	0	3	3	0	0	3	0	0	0	0	0	0	0	0	0	2	0	0	1	0	0	0	0	0	0	0	0	0	0	0	0	2	2	0	0	2	0	0	0	0	0	0	0	0	0	1	0	0	1	0	0	0	0	0	0	0	0	0	0	0	0	4-Oct-17	4-Oct-17			4-Oct-17										20-Sep-17			23-Oct-17													1	27	8	12	0	1	2	2	0	0	0	0	0	0	2	0	0	2	0	0	0	0	0	0	18	7	0	2	Y	N
92178	b'AwQFCwQCBAAG'	b'AgIAAgYCAQA='	1-Aug-18	9002704	1432	DC	MJ	2	DC	401k	1-Nov-98	21-Dec-98	28-Sep-06	31-Dec-99	TRF9	BALANCED	N	N	Y	Y	35	37	F	UK	11-Mar-07	26-Feb-07	15-Apr-12	N	IA	50324	1507	Y	N	N	N	N	N			0	0	0	0	0	N	N	0	0	0	0	0	0	0	0	25865.17	0	0	25865.17	0	0	0	0	0	0	0	0	0	0	0	0	0	0	0	0	0	0	0	0	0	25865.17	0	0	0	0	0	25865.17	0	0	0	12932.54	0	0	12932.63	0	0	0	0	1	0	1	0	0	0	0	0	0	0	0	0	0	0	0	0	0	0	0	0	0	0	0	1	0	0	0	1	0	0	0	0	0	0	0	0	0	0	0	0	0	0	0	0	0	0	0	0	0	0	0	0	0	0	0	0	0	0	0	0	0	0	0	0	0	0	0	0	0	0	0	0	0	0	0	0	0	0	0	0	0	0	0	0	0	0	0	0	0	0	0	0	0	0	0	0	0	0	0	0	0	0	0	0	0	0	0	0	0	0	0	0	0	0	0	0	0	0	0	0	0	0	0	0	0	0	0	0	0	0	0	0	0	0	0	0	0	0	0	0	0	0	0	0	0	0	0	0	0	0	0	0	0	0	0	0	0	0	0	0	0	0	0	0	0	0	0	0	0	0	0	0	0	0	0	0	0	0	0																															1	26	7	12	0	0	2	2	0	1	0	0	1	0	0	1	0	2	0	0	0	0	0	0	17	6	0	2	Y	N
97395	b'CQcCAwUNBwQ='	b'BQ0ECgAFCgc='	1-Aug-18	50561922	3933	DC	MJ	2	DC	401k	1-Jul-95	10-Jul-13			TRF9	BALANCED	N	N	Y	N	35	36	U	UK	30-Jun-16	13-Jan-15	19-Jul-17	N	MO	63020	1638	Y	Y	Y	Y	Y	N			0	0	0	0	0	N	N	0	0	0	0	0	0	0	0	600.46	0	0	557.46	0	0	0	0	0	0	43	0	0	0	0	0	0	0	0	0	0	0	0	0	0	557.46	0	0	0	0	0	557.46	0	0	0	0	0	0	600.46	0	0	0	0	2	0	1	0	0	0	0	0	0	1	0	0	0	0	0	0	0	0	0	0	0	0	0	1	0	0	0	1	0	0	0	0	0	0	0	0	0	0	0	0	0	0	0	0	0	0	0	0	0	0	0	0	0	0	0	0	0	0	0	0	0	0	0	0	0	0	0	0	0	0	0	0	0	0	0	0	0	0	0	0	0	0	0	0	0	0	0	0	1	543.37	0	0	0	543.37	0	0	0	0	0	0	61.12	61.12	0	0	0	0	1121.68	0	0	0	0	0	0	0	0	0	0	0	0	2	0	0	0	2	0	0	0	0	0	0	1	1	0	0	0	0	1	0	0	0	0	0	0	0	0	0	0	0	1	2	0	0	0	2	0	0	0	0	0	0	1	1	0	0	0	0	1	0	0	0	0	0	0	0	0	0	0	0	1	6-Jul-18				6-Jul-18							15-Jun-18	15-Jun-18					13-Oct-17												26-Jun-18	1	36	7	12	0	0	2	1	0	1	1	0	10	0	2	0	0	12	0	0	0	0	0	0	19	3	0	12	N	N
90713	b'AgQLBAINCgYG'	b'BAcACwAMCwA='	1-Aug-18	9001254	83	DC	403b	2	DC	403(B)(7)	1-Jun-84				TRF9	BALANCED	N	N	N	N	35	32	U	UK	22-Apr-13	21-Nov-85	18-May-14	N	PA	19067	4720	Y	Y	Y	Y	Y	N			0	0	0	0	0	N	N	0	0	0	0	0	0	0	0	1032.78	0	0	1032.78	0	0	0	0	0	0	0	0	0	0	0	0	0	0	0	0	0	0	0	0	0	1032.78	0	0	0	1032.78	0	0	0	0	0	1032.78	0	0	0	0	0	0	0	1	0	1	0	0	0	0	0	0	0	0	0	0	0	0	0	0	0	0	0	0	0	0	1	0	0	0	1	0	0	0	0	0	0	0	0	0	0	0	0	0	0	0	0	0	0	0	0	0	0	0	0	0	0	0	0	0	0	0	0	0	0	0	0	0	0	0	0	0	0	0	0	0	0	0	0	0	0	0	0	0	0	0	0	0	0	0	0	0	0	0	0	0	0	0	0	0	0	0	0	0	0	0	0	0	0	0	0	0	0	0	0	0	0	0	0	0	0	0	0	0	0	0	0	0	0	0	0	0	0	0	0	0	0	0	0	0	0	0	0	0	0	0	0	0	0	0	0	0	0	0	0	0	0	0	0	0	0	0	0	0	0	0	0	0	0	0	0	0	0	0	0	0	0	0	0	0	0	0																															1	35	11	12	0	1	4	2	0	0	0	0	3	0	2	0	0	5	0	0	0	0	0	0	19	11	0	5	N	N
91080	b'Bw0GBQEMAAUI'	b'AQAHAAIABg=='	1-Aug-18	9001614	1512	DC	JB	2	DC	401(K)/ESOP	1-May-82	18-Aug-99	22-Oct-09	31-Dec-99	TRF9	BALANCED	N	Y	N	N	31	54	M	UK	1-Jul-97	13-Dec-96	5-Sep-98	N	OH	45241	2209	Y	N	N	N	N	Y			0	0	0	0	0	N	N									0	0	0	0	0	0	0	0	0	0	0	0	0	0	0	0	0	0	0	0	0	0	0	0	0	0	0	0	0	0	0	0	0	0	0	0	0	0	0	0	0	0	0	0	0	0	0	0	0	0	0	0	0	0	0	0	0	0	0	0	0	0	0	0	0	0	0	0	0	0	0	0	0	0	0	0	0	0	0	0	0	0	0	0	0	0	0	0	0	0	0	0	0	0	0	0	0	0	0	0	0	0	0	0	0	0	0	0	0	0	0	0	0	0	0	0	0	0	0	0	0	0	0	0	0	0	0	0	0	0	0	0	0	0	0	0	0	0	0	0	0	0	0	0	0	0	0	0	0	0	0	0	0	0	0	0	0	0	0	0	0	0	0	0	0	0	0	0	0	0	0	0	0	0	0	0	0	0	0	0	0	0	0	0	0	0	0	0	0	0	0	0	0	0	0	0	0	0	0	0	0	0	0	0	0	0	0	0	0	0	0	0	0	0	0	0	0	0	0	0	0	0																															1	23	2	12	0	0	1	1	0	0	1	1	1	0	1	0	0	2	2	0	1	0	0	0	12	4	0	2	Y	N
97743	b'AQIBAwMBAgsAAA=='	b'BwQCBgkEAwI='	1-Aug-18	60618667	4078	DC	SL	2	DC	401k	1-Jul-15	7-Jul-15			TRF9	BALANCED	N	N	Y	N	0	40	U	UK	5-Oct-16	12-Sep-16		N	TN	37135	9634	Y	Y	Y	Y	Y	N			1	0	0	0	0	N	N	6	0	0	6	0	0	0	0	74749.01	37261.14	0	74749.01	0	0	0	0	0	0	0	0	0	0	0	0	0	0	0	0	0	0	0	0	0	74749.01	0	0	0	74749.01	0	0	0	0	0	16271.78	0	0	8721.58	41310.65	8445	0	0	1	0	1	0	0	0	0	0	0	0	0	0	0	0	0	0	0	0	0	0	0	0	0	1	0	0	0	1	1029.23	1029.23	0	0	0	0	0	0	0	0	0	0	0	0	709.48	0	0	0	0	0	0	0	0	0	0	0	0	0	0	0	2	2	0	0	0	0	0	0	0	0	0	0	0	0	2	0	0	0	0	0	0	0	0	0	0	0	0	0	0	0	1	19334.65	14127.48	0	0	5207.17	0	0	0	0	0	0	0	0	40040	3547.4	0	0	0	0	0	0	0	0	0	0	0	0	0	0	0	26	26	0	0	19	0	0	0	0	0	0	0	0	1	10	0	0	0	0	0	0	0	0	0	0	0	0	0	0	0	12	12	0	0	9	0	0	0	0	0	0	0	0	1	5	0	0	0	0	0	0	0	0	0	0	0	0	0	0	0	23-Aug-18	23-Aug-18			30-Jul-18									12-Apr-18	23-Aug-18																1	30	8	12	0	0	2	1	0	0	0	0	5	0	2	0	0	7	0	0	0	0	0	0	16	7	2	5	N	N
91435	b'AQUDAQACBQAEAw=='	b'AgwEAAICBw=='	1-Aug-18	9001968	291	DC	SL	2	DC	401k	30-Apr-92	30-Sep-92			TRF9	BALANCED	N	N	N	Y	31	71	M	UK	1-Jul-71	1-Jul-71	31-Mar-11	N	DE	19803	4126	Y	N	N	N	N	N			0	0	0	0	0	N	N									0	0	0	0	0	0	0	0	0	0	0	0	0	0	0	0	0	0	0	0	0	0	0	0	0	0	0	0	0	0	0	0	0	0	0	0	0	0	0	0	0	0	0	0	0	0	0	0	0	0	0	0	0	0	0	0	0	0	0	0	0	0	0	0	0	0	0	0	0	0	0	0	0	0	0	0	0	0	0	0	0	0	0	0	0	0	0	0	0	0	0	0	0	0	0	0	0	0	0	0	0	0	0	0	0	0	0	0	0	0	0	0	0	0	0	0	0	0	0	0	0	0	0	0	0	0	0	0	0	0	0	0	0	0	0	0	0	0	0	0	0	0	0	0	0	0	0	0	0	0	0	0	0	0	0	0	0	0	0	0	0	0	0	0	0	0	0	0	0	0	0	0	0	0	0	0	0	0	0	0	0	0	0	0	0	0	0	0	0	0	0	0	0	0	0	0	0	0	0	0	0	0	0	0	0	0	0	0	0	0	0	0	0	0	0	0	0	0	0	0	0	0																															1	21	5	11	0	1	2	1	0	1	0	0	0	0	0	0	0	0	0	0	0	0	0	0	16	4	0	0	N	N
90310	b'BQwEAQkCBAEG'	b'AgYGAggMCwo='	1-Aug-18	9000872	1742	DC	JB	2	DC	401k	1-Jan-86	18-Nov-99	10-Jun-05	31-Dec-99	OTHR	BALANCED	N	Y	N	N	0	47	M	UK	2-Dec-07	21-Nov-94		N	CA	91935	2026	Y	Y	Y	Y	Y	Y	7-Dec-12	31-Dec-99	0	0	0	0	0	N	N	0	0	0	0	0	0	0	0	1787.99	0	558.01	0	0	570.7	0	0	0	0	0	0	0	0	0	0	0	0	0	568.51	0	90.77	0	0	0	0	1128.71	0	0	0	1128.71	0	0	0	0	547.98	0	0	1240.01	0	0	0	0	4	1	0	0	1	0	0	0	0	0	0	0	0	0	0	0	0	1	0	1	0	0	0	0	2	0	0	1	0	0	0	0	0	0	0	0	0	0	0	0	0	0	0	0	0	0	0	0	0	0	0	0	0	0	0	0	0	0	0	0	0	0	0	0	0	0	0	0	0	0	0	0	0	0	0	0	0	0	0	0	0	0	0	0	0	0	0	0	1	0	0	0	0	0	0	0	0	0	221.37	221.37	0	0	0	0	0	0	0	0	0	0	0	0	0	0	0	0	0	0	0	0	0	0	0	0	0	0	0	0	2	2	0	0	0	0	0	0	0	0	0	0	0	0	0	0	0	0	0	0	0	0	0	0	0	0	0	0	0	0	2	2	0	0	0	0	0	0	0	0	0	0	0	0	0	0	0	0	0	0	0										18-Apr-18	18-Apr-18																				1	24	4	0	1	2	1	0	0	0	0	1	3	10	0	0	0	13	1	0	1	0	0	0	4	4	0	13	Y	Y
90092	b'CQEKAwMEAgcB'	b'BQwHAQYGBwM='	1-Aug-18	9000667	854	DC	SL	2	DC	401k	1-Jan-90	16-Dec-96			TRF9	BALANCED	N	N	Y	Y	31	33	U	UK	1-Dec-14	27-Oct-14	20-May-16	N	MA	1604	5049	Y	N	N	N	N	N			0	0	0	0	0	N	N	0	0	0	0	0	0	0	0	0	0	0	0	0	0	0	0	0	0	0	0	0	0	0	0	0	0	0	0	0	0	0	0	0	0	0	0	0	0	0	0	0	0	0	0	0	0	0	0	0	0	0	0	0	0	0	0	0	0	0	0	0	0	0	0	0	0	0	0	0	0	0	0	0	0	0	0	0	0	0	0	0	0	0	0	0	0	0	0	0	0	0	0	0	0	0	0	0	0	0	0	0	0	0	0	0	0	0	0	0	0	0	0	0	0	0	0	0	0	0	0	0	0	0	0	0	0	0	0	0	0	0	0	0	0	0	0	0	0	0	0	0	0	0	0	0	0	0	0	0	0	0	0	0	0	0	0	0	0	0	0	0	0	0	0	0	0	0	0	0	0	0	0	0	0	0	0	0	0	0	0	0	0	0	0	0	0	0	0	0	0	0	0	0	0	0	0	0	0	0	0	0	0	0	0	0	0	0	0	0	0	0	0	0	0	0	0	0	0	0	0	0	0	0	0	0	0	0	0	0	0																															1	25	8	12	0	1	1	1	0	1	0	0	0	0	1	0	0	1	0	0	0	0	0	0	16	7	0	1	N	N
91324	b'AQQLBwgBAAcCAQ=='	b'BQMGAAcMAQA='	1-Aug-18	9001857	10	DC	JB	2	DC	401(K)/ESOP	9-Jul-91	30-Aug-91	3-Feb-17	31-Dec-99	TRF9	BALANCED	N	N	Y	N	0	47	M	MA	14-Aug-14	14-Jul-14		N	CO	80513	2630	Y	Y	N	N	N	N			0	0	0	0	0	N	Y	6	0	0	6	0	0	0	0	46931.71	0	0	39256.02	0	0	0	0	0	0	7675.69	0	0	0	0	0	0	0	0	0	0	0	0	0	0	39256.02	0	0	0	0	0	0	0	0	39256.02	25024.04	0	0	21907.67	0	0	0	0	2	0	1	0	0	0	0	0	0	1	0	0	0	0	0	0	0	0	0	0	0	0	0	1	0	0	0	1	878.46	527.08	0	0	351.38	0	0	0	0	0	0	0	0	0	0	0	0	0	0	0	0	0	0	0	0	0	0	0	0	0	2	2	0	0	2	0	0	0	0	0	0	0	0	0	0	0	0	0	0	0	0	0	0	0	0	0	0	0	0	0	1	14028.31	6759.64	0	0	7268.67	0	0	0	0	0	0	0	0	0	0	0	0	0	0	0	0	0	0	0	0	0	0	0	0	0	27	26	0	0	27	0	0	0	0	0	0	0	0	0	0	0	0	0	0	0	0	0	0	0	0	0	0	0	0	0	12	12	0	0	12	0	0	0	0	0	0	0	0	0	0	0	0	0	0	0	0	0	0	0	0	0	0	0	0	0	22-Aug-18	22-Aug-18			22-Aug-18																										1	27	7	12	0	1	2	1	0	1	1	0	2	0	0	0	0	2	0	0	0	0	0	0	16	7	0	2	Y	N
91326	b'BQcLAwIHBwcF'	b'BAcKCwcFAwY='	1-Aug-18	9001859	458	DC	403b	2	DC	403(B)(7)	1-Jan-91				TRF9	BALANCED	N	N	N	N	35	35	F	UK	23-Jul-11	1-Jun-11	31-Aug-14	N	OR	97214	3361	Y	Y	Y	Y	Y	N			0	0	0	0	0	N	N									10748.89	0	0	10748.89	0	0	0	0	0	0	0	0	0	0	0	0	0	0	0	0	0	0	0	0	0	10748.89	0	0	0	10748.89	0	0	0	0	0	0	0	0	10748.89	0	0	0	0	1	0	1	0	0	0	0	0	0	0	0	0	0	0	0	0	0	0	0	0	0	0	0	1	0	0	0	1	0	0	0	0	0	0	0	0	0	0	0	0	0	0	0	0	0	0	0	0	0	0	0	0	0	0	0	0	0	0	0	0	0	0	0	0	0	0	0	0	0	0	0	0	0	0	0	0	0	0	0	0	0	0	0	0	0	0	0	0	0	0	0	0	0	0	0	0	0	0	0	0	0	0	0	0	0	0	0	0	0	0	0	0	0	0	0	0	0	0	0	0	0	0	0	0	0	0	0	0	0	0	0	0	0	0	0	0	0	0	0	0	0	0	0	0	0	0	0	0	0	0	0	0	0	0	0	0	0	0	0	0	0	0	0	0	0	0	0	0	0	0	0	0	0	0	0	0	0	0	0																															1	44	27	12	0	2	1	2	0	0	0	0	0	0	0	0	0	0	0	0	0	0	0	0	25	19	0	0	N	N
93111	b'AQQKBgkDAwICBQ=='	b'AQUBBgkAAwo='	1-Aug-18	9003329	242	DC	JB	2	DC	401k		24-Mar-98	27-Sep-07	31-Dec-99	TRF9	BALANCED	Y	Y	N	N	35	59	M	UK	21-Jun-04	1-Dec-03	27-Nov-15	N	CA	94501	2229	Y	Y	Y	Y	Y	N			0	0	0	0	0	N	N	0	0	0	0	0	0	0	0	18334.05	0	0	18334.05	0	0	0	0	0	0	0	0	0	0	0	0	0	0	0	0	0	0	0	0	0	18334.05	0	0	0	0	0	0	0	0	18334.05	13015.46	0	0	5318.59	0	0	0	0	1	0	1	0	0	0	0	0	0	0	0	0	0	0	0	0	0	0	0	0	0	0	0	1	0	0	0	1	0	0	0	0	0	0	0	0	0	0	0	0	0	0	0	0	0	0	0	0	0	0	0	0	0	0	0	0	0	0	0	0	0	0	0	0	0	0	0	0	0	0	0	0	0	0	0	0	0	0	0	0	0	0	0	0	0	0	0	0	0	0	0	0	0	0	0	0	0	0	0	0	0	0	0	0	0	0	0	0	0	0	0	0	0	0	0	0	0	0	0	0	0	0	0	0	0	0	0	0	0	0	0	0	0	0	0	0	0	0	0	0	0	0	0	0	0	0	0	0	0	0	0	0	0	0	0	0	0	0	0	0	0	0	0	0	0	0	0	0	0	0	0	0	0	0	0	0	0	0	0																															1	27	4	13	0	1	1	1	0	1	1	0	0	0	1	0	0	1	3	0	1	0	0	0	13	7	0	1	Y	N
91140	b'AQwDBAcNAgMGAQ=='	b'CAQLBwkABgI='	1-Aug-18	9001674	203	DC	MJ	2	DC	401k	1-Oct-84	1-Jan-92	27-Sep-12	31-Dec-99	TRF9	BALANCED	N	N	N	N	0	62	M	SN	8-Jun-18	7-Feb-11		N	PA	18634	2727	N	N	N	N	N	N			0	0	0	0	0	N	Y	8	0	0	8	0	0	0	0	10129.78	0	9692.24	0	0	0	218.63	0	0	0	0	0	0	0	218.91	0	0	218.91	0	0	0	0	0	0	0	9692.24	218.63	0	218.91	218.63	0	9692.24	0	0	0	592.82	0	0	296.58	9240.38	0	0	0	3	1	0	0	0	1	0	0	0	0	0	0	0	1	0	0	1	0	0	0	0	0	0	1	1	0	1	1	290.88	193.92	0	0	96.96	0	0	0	0	0	0	0	0	0	0	0	0	0	0	9238.38	0	0	0	0	0	0	0	0	0	0	4	4	0	0	4	0	0	0	0	0	0	0	0	0	0	0	0	0	0	1	0	0	0	0	0	0	0	0	0	0	1	799.92	533.28	0	0	266.64	0	0	0	0	0	0	0	0	0	0	0	0	0	0	9238.38	0	0	0	0	0	0	0	0	0	0	11	11	0	0	11	0	0	0	0	0	0	0	0	0	0	0	0	0	0	1	0	0	0	0	0	0	0	0	0	0	3	3	0	0	3	0	0	0	0	0	0	0	0	0	0	0	0	0	0	1	0	0	0	0	0	0	0	0	0	0	24-Aug-18	24-Aug-18			24-Aug-18															30-Aug-18											1	29	4	12	0	0	1	1	0	1	0	0	8	1	1	0	0	10	0	0	0	0	0	0	15	3	0	10	Y	N
90535	b'CQILBQUGAwcJ'	b'BgIBBQENAwM='	1-Aug-18	9001083	45	DC	JB	2	DC	401k	1-Jul-86				TRF9	BALANCED	N	N	Y	N	0	68	U	MA	17-Apr-18	17-May-16		N	PA	17601	7403	Y	Y	Y	Y	Y	N			0	0	0	0	0	N	Y	6	0	0	6	0	0	0	0	511.8	0	0	511.8	0	0	0	0	0	0	0	0	0	0	0	0	0	0	0	0	0	0	0	0	0	511.8	0	0	0	0	0	0	0	0	511.8	341.15	0	0	170.65	0	0	0	0	1	0	1	0	0	0	0	0	0	0	0	0	0	0	0	0	0	0	0	0	0	0	0	1	0	0	0	1	101.04	67.36	0	0	33.68	0	0	0	0	0	0	0	0	0	0	0	0	0	0	0	0	0	0	0	0	0	0	0	0	0	2	2	0	0	2	0	0	0	0	0	0	0	0	0	0	0	0	0	0	0	0	0	0	0	0	0	0	0	0	0	1	460.65	307.09	0	0	153.56	0	0	0	0	0	0	0	0	0	0	0	0	0	0	0	0	0	0	0	0	0	0	0	0	0	9	9	0	0	9	0	0	0	0	0	0	0	0	0	0	0	0	0	0	0	0	0	0	0	0	0	0	0	0	0	5	5	0	0	5	0	0	0	0	0	0	0	0	0	0	0	0	0	0	0	0	0	0	0	0	0	0	0	0	0	17-Aug-18	17-Aug-18			17-Aug-18																										1	23	4	12	0	1	1	1	0	0	0	0	1	0	2	0	0	3	1	0	0	0	0	0	13	6	0	3	N	N
92924	b'AQQGBQEDCwEGAA=='	b'BwYDCwQCAQo='	1-Aug-18	66592795	4197	DC	LR	2	DC	401k	1-Jan-85	12-Jan-17	21-Dec-17	31-Dec-99	TRF9	BALANCED	N	N	Y	N	0	39	F	MA	30-Oct-10	15-Oct-10		N	CA	95136	2147	Y	Y	Y	Y	Y	N			0	0	0	0	0	N	N	30	0	0	30	0	0	0	0	237011.1	0	33442.26	0	0	0	0	0	0	0	27249.74	0	161324.38	0	14994.72	0	0	176319.1	0	0	0	0	0	0	0	33442.26	0	0	176319.1	0	0	33442.26	0	0	0	143555.08	0	0	93456.02	0	0	0	0	7	1	0	0	0	0	0	0	0	1	0	4	0	1	0	0	5	0	0	0	0	0	0	1	0	0	5	1	1692.32	1269.24	0	0	423.08	0	0	0	0	0	0	0	0	0	0	0	0	0	0	0	0	0	0	0	0	0	0	0	0	24.45	2	2	0	0	2	0	0	0	0	0	0	0	0	0	0	0	0	0	0	0	0	0	0	0	0	0	0	0	0	1	1	29633.79	20451	0	0	9182.79	0	0	0	0	0	0	0	0	0	0	0	0	0	0	0	0	0	0	0	0	0	0	0	0	87.19	32	30	0	0	28	0	0	0	0	0	0	0	0	0	0	0	0	0	0	0	0	0	0	0	0	0	0	0	0	4	12	12	0	0	12	0	0	0	0	0	0	0	0	0	0	0	0	0	0	0	0	0	0	0	0	0	0	0	0	4	24-Aug-18	24-Aug-18			24-Aug-18																									10-Aug-18	1	24	3	12	0	0	1	1	0	0	1	0	5	0	1	0	0	6	0	0	0	0	0	0	16	1	0	6	Y	N
90005	b'BgcHAQQEBgMA'	b'AgcEAggGAws='	1-Aug-18	9000580	353	DC	403b	3	DC	403(B)(7)	1-Jan-81				TRF9	BALANCED	N	N	N	N	31	44	F	MA	1-Jul-04	1-Jul-04		N	IL	60615	2815	Y	N	N	N	N	N			0	0	0	0	0	N	N									0	0	0	0	0	0	0	0	0	0	0	0	0	0	0	0	0	0	0	0	0	0	0	0	0	0	0	0	0	0	0	0	0	0	0	0	0	0	0	0	0	0	0	0	0	0	0	0	0	0	0	0	0	0	0	0	0	0	0	0	0	0	0	0	0	0	0	0	0	0	0	0	0	0	0	0	0	0	0	0	0	0	0	0	0	0	0	0	0	0	0	0	0	0	0	0	0	0	0	0	0	0	0	0	0	0	0	0	0	0	0	0	0	0	0	0	0	0	0	0	0	0	0	0	0	0	0	0	0	0	0	0	23094.66	14421.02	0	0	8673.64	0	0	0	0	0	0	0	0	0	0	0	0	0	0	0	0	0	0	0	0	0	773496.68	0	0	0	6	6	0	0	6	0	0	0	0	0	0	0	0	0	0	0	0	0	0	0	0	0	0	0	0	0	1	0	0	0	6	6	0	0	6	0	0	0	0	0	0	0	0	0	0	0	0	0	0	0	0	0	0	0	0	0	1	0	0	0	28-Feb-18	28-Feb-18			28-Feb-18																						2-Apr-18				1	0	0	0	0	0	0	0	0	0	0	0	0	0	0	0	0	0	0	0	0	0	0	0	0	0	0	0	N	N
90122	b'AgQAAQcFCgYB'	b'AwYDAQQB'	1-Aug-18	9000697	994	DC	MJ	2	DC	401(K)/PROFIT SHARING SOURCE	1-Jan-76	5-Aug-97	7-Feb-08	31-Dec-99	TRF9	BALANCED	N	N	Y	Y	0	53	M	UK	1-Aug-88	11-Jul-88		N	NC	28277	2726	Y	Y	Y	Y	Y	Y			0	0	0	0	0	N	N	11	0	0	11	0	0	0	0	1299681.49	0	1118551.18	91545.56	0	10640.65	78944.1	0	0	0	0	0	0	0	0	0	0	0	0	0	0	0	0	0	0	602101.19	697580.3	0	0	10640.65	869248.62	419792.22	0	0	0	769445.98	0	39714.59	490520.92	0	0	0	0	10	7	1	0	1	1	0	0	0	0	0	0	0	0	0	0	0	0	0	0	0	0	0	6	4	0	0	1	1455.32	953.1	0	0	502.22	0	0	0	0	0	0	0	0	0	0	0	0	0	0	0	0	0	0	0	0	0	0	0	0	0	1	1	0	0	1	0	0	0	0	0	0	0	0	0	0	0	0	0	0	0	0	0	0	0	0	0	0	0	0	0	1	33146.2	21731.06	0	0	11415.14	0	0	0	0	0	0	0	0	0	0	0	0	0	0	0	0	0	0	0	0	0	0	0	0	0	23	23	0	0	23	0	0	0	0	0	0	0	0	0	0	0	0	0	0	0	0	0	0	0	0	0	0	0	0	0	12	12	0	0	12	0	0	0	0	0	0	0	0	0	0	0	0	0	0	0	0	0	0	0	0	0	0	0	0	0	15-Aug-18	15-Aug-18			15-Aug-18																										1	25	8	12	0	1	2	1	0	1	0	0	0	0	0	0	0	0	0	0	0	0	0	0	18	6	0	0	Y	N
90916	b'BwUKBAENBQIJ'	b'BAMCAgYFAws='	1-Aug-18	9001452	2381	DC	JB	2	DC	PROFIT SHARING PLAN	31-Dec-56	9-Sep-02			TRF9	BALANCED	N	N	Y	N	31	44	U	UK	18-Feb-14	6-Dec-11	18-May-15	N	MN	55016	3453	Y	N	N	N	N	N			0	0	0	0	0	N	N									0	0	0	0	0	0	0	0	0	0	0	0	0	0	0	0	0	0	0	0	0	0	0	0	0	0	0	0	0	0	0	0	0	0	0	0	0	0	0	0	0	0	0	0	0	0	0	0	0	0	0	0	0	0	0	0	0	0	0	0	0	0	0	0	0	0	0	0	0	0	0	0	0	0	0	0	0	0	0	0	0	0	0	0	0	0	0	0	0	0	0	0	0	0	0	0	0	0	0	0	0	0	0	0	0	0	0	0	0	0	0	0	0	0	0	0	0	0	0	0	0	0	0	0	0	0	0	0	0	0	0	0	0	0	0	0	0	0	0	0	0	0	0	0	0	0	0	0	0	0	0	0	0	0	0	0	0	0	0	0	0	0	0	0	0	0	0	0	0	0	0	0	0	0	0	0	0	0	0	0	0	0	0	0	0	0	0	0	0	0	0	0	0	0	0	0	0	0	0	0	0	0	0	0	0	0	0	0	0	0	0	0	0	0	0	0	0	0	0	0	0	0																															1	22	7	12	0	1	1	0	0	0	0	1	0	0	0	0	0	0	0	0	0	0	0	0	17	4	0	0	N	N
93828	b'AQYKAwQDBgADAA=='	b'AgAGAAcGCwA='	1-Aug-18	9003470	2482	DC	MJ	2	DC	401(K)/PROFIT SHARING SOURCE	1-Jun-91	12-Dec-02	2-Jul-12	31-Dec-99	TRF9	BALANCED	N	N	Y	N	0	55	F	UK	30-May-07	5-Jun-06		N	OR	97304	4252	Y	Y	Y	Y	Y	Y			1	0	0	0	0	N	N	3	0	0	3	0	0	0	0	28595.36	1084.07	5431.58	0	0	0	0	0	0	15610.72	0	0	7553.06	0	0	0	0	7553.06	0	0	0	0	0	0	0	5431.58	0	0	7553.06	0	5431.58	0	0	0	0	11317.66	0	0	17277.7	0	0	0	0	3	1	0	0	0	0	0	0	1	0	0	1	0	0	0	0	1	0	0	0	0	0	0	1	0	0	1	1	111.26	38.72	0	0	72.54	0	0	0	0	0	0	0	0	0	137.4	0	0	0	0	0	0	0	0	0	0	0	0	0	0	0	2	2	0	0	2	0	0	0	0	0	0	0	0	0	2	0	0	0	0	0	0	0	0	0	0	0	0	0	0	0	1	1171.3	419.56	0	0	751.74	0	0	0	0	0	0	6776.32	6776.32	0	1786.2	0	0	0	0	0	0	0	0	0	0	0	0	0	0	0	26	26	0	0	26	0	0	0	0	0	0	1	1	0	26	0	0	0	0	0	0	0	0	0	0	0	0	0	0	0	12	12	0	0	12	0	0	0	0	0	0	1	1	0	12	0	0	0	0	0	0	0	0	0	0	0	0	0	0	0	28-Aug-18	28-Aug-18			28-Aug-18							3-Jan-18	3-Jan-18		28-Aug-18																1	32	7	12	0	1	3	1	0	1	0	0	5	0	2	0	0	7	0	0	0	0	0	0	21	3	0	7	Y	N
94130	b'CQYLCwYGAQYD'	b'BgAGBQUNAAQ='	1-Aug-18	60583989	4086	DC	JB	2	DC	401k	31-Dec-15	13-Jan-16	24-May-18	31-Dec-99	TRF9	BALANCED	N	Y	N	N	0	23	F	UK	20-Jan-18	28-Aug-15		N	IA	52722	6161	N	N	N	N	N	N			0	0	0	0	0	N	N	2	0	0	2	0	0	0	0	528.91	0	0	528.91	0	0	0	0	0	0	0	0	0	0	0	0	0	0	0	0	0	0	0	0	0	528.91	0	0	0	0	0	528.91	0	0	0	244.17	0	0	284.74	0	0	0	0	1	0	1	0	0	0	0	0	0	0	0	0	0	0	0	0	0	0	0	0	0	0	0	1	0	0	0	1	72.19	41.25	0	0	30.94	0	0	0	0	0	0	0	0	0	0	0	0	0	0	0	0	0	0	0	0	0	0	0	0	0	5	5	0	0	5	0	0	0	0	0	0	0	0	0	0	0	0	0	0	0	0	0	0	0	0	0	0	0	0	0	1	520.91	240.51	0	0	280.4	0	0	0	0	0	0	0	0	0	0	0	0	0	0	0	0	0	0	0	0	0	0	0	0	0	32	31	0	0	32	0	0	0	0	0	0	0	0	0	0	0	0	0	0	0	0	0	0	0	0	0	0	0	0	0	7	7	0	0	7	0	0	0	0	0	0	0	0	0	0	0	0	0	0	0	0	0	0	0	0	0	0	0	0	0	30-Aug-18	30-Aug-18			30-Aug-18																										1	24	6	12	0	0	1	0	0	0	0	0	3	0	1	1	0	5	0	0	0	0	0	0	18	1	0	5	Y	N
90310	b'AQUGCwkHAgII'	b'BwAHCwUCCgE='	1-Aug-18	9000872	1742	DC	JB	2	DC	401k	1-Jan-86	18-Nov-99	10-Jun-05	31-Dec-99	OTHR	BALANCED	N	Y	N	N	31	29	U	UK	23-Jul-17	5-Jun-17	1-Sep-17	N	CA	91745	2771	Y	N	N	N	N	N			0	0	0	0	0	N	N	0	0	0	0	0	0	0	0	0	0	0	0	0	0	0	0	0	0	0	0	0	0	0	0	0	0	0	0	0	0	0	0	0	0	0	0	0	0	0	0	0	0	0	0	0	0	0	0	0	0	0	0	0	0	0	0	0	0	0	0	0	0	0	0	0	0	0	0	0	0	0	0	0	0	0	0	0	0	0	0	0	0	0	0	0	0	0	0	0	0	0	0	0	0	0	0	0	0	0	0	0	0	0	0	0	0	0	0	0	0	0	0	0	0	0	0	0	0	0	0	0	0	0	0	0	0	0	0	0	0	0	0	0	0	0	0	0	0	0	0	119.64	119.64	0	0	0	0	0	0	0	0	0	0	0	0	0	0	0	232.59	0	0	0	0	0	0	0	0	0	0	0	0	1	1	0	0	0	0	0	0	0	0	0	0	0	0	0	0	0	1	0	0	0	0	0	0	0	0	0	0	0	0	1	1	0	0	0	0	0	0	0	0	0	0	0	0	0	0	0	1	0	0	0	0	0	0	0	0	0	0	0	0	12-Sep-17	12-Sep-17																3-Jan-18													1	24	4	0	1	2	1	0	0	0	0	1	3	10	0	0	0	13	1	0	1	0	0	0	4	4	0	13	Y	N
91588	b'AQEABgYAAgQBBA=='	b'AwEACwQFAAE='	1-Aug-18	9002121	2267	DC	LR	2	DC	401k		6-Nov-01	30-Sep-05	31-Dec-99	TRF9	BALANCED	N	Y	N	N	31	75	F	UK	16-Aug-14	16-May-14	1-Dec-14	N	MO	64151	1084	N	N	N	N	N	N			0	0	0	0	0	N	N	0	0	0	0	0	0	0	0	0	0	0	0	0	0	0	0	0	0	0	0	0	0	0	0	0	0	0	0	0	0	0	0	0	0	0	0	0	0	0	0	0	0	0	0	0	0	0	0	0	0	0	0	0	0	0	0	0	0	0	0	0	0	0	0	0	0	0	0	0	0	0	0	0	0	0	0	0	0	0	0	0	0	0	0	0	0	0	0	0	0	0	0	0	0	0	0	0	0	0	0	0	0	0	0	0	0	0	0	0	0	0	0	0	0	0	0	0	0	0	0	0	0	0	0	0	0	0	0	0	0	0	0	0	0	0	0	0	0	0	0	0	0	0	0	0	0	0	0	0	0	0	0	0	0	0	0	0	0	0	0	0	0	0	0	0	0	0	0	0	0	0	0	0	0	0	0	0	0	0	0	0	0	0	0	0	0	0	0	0	0	0	0	0	0	0	0	0	0	0	0	0	0	0	0	0	0	0	0	0	0	0	0	0	0	0	0	0	0	0	0	0	0	0	0	0	0	0	0	0	0																															1	22	5	12	0	1	1	1	0	1	0	0	1	0	0	0	0	1	0	0	0	0	0	0	15	5	0	1	Y	N
